S.No.,Name,Phone,Email,Birthday,Occupation,Address,Call Status,Added to Campaign Date,Company,City,Website,Person Record ID,Company Record ID,Description,LinkedIn,Labels,Past notes
1,ffa07769-6dd8-490f-9495-2443a601a5fe,+61740536035,info@complysmsf.com.au,,Office Contact,,-,2026-02-18 12:38:09,Shephard And Mccarthy Chartered Accountants,,shephardmccarthy.com.au,0776968490949524436015,82173404350960738820716,,,,
2,ff4b2de3-ce1b-4b95-8860-61018d5a6166,+61295802522,office@mongerbaker.com,,Office Contact,,-,2026-02-18 12:38:09,Monger Baker Chartered Accountant,,mongerbaker.com,423149588606101856166,46246895150349621,,,,
3,fdfaf4cb-c254-4791-9590-c06d507cdfaa,+61290378295,info@azzcan.com.au,,Office Contact,,-,2026-02-18 12:38:09,Azzcan Financial,,azzcan.com.au,42544791959006507,3182585158860672043605,,,,
4,fdc978da-64e7-4296-b5f5-0aded9adbfe7,+61299691044,,,Office Contact,,-,2026-02-18 12:38:09,Carollo And,,carollo.com.au,978647429655097,566955939940953644,,,,
5,fdc0df13-921a-4ba6-b513-e5712233cd73,+61266842502,nicholls@wdnicholls.com.au,,Office Contact,,-,2026-02-18 12:38:09,Wd Nicholls Chartered Accountants,,wdnicholls.com.au,01392146513571223373,89504902575822804665,,,,
6,fd3aa39d-327e-40be-97b5-63b247e033c2,+61280047571,info@jmcaccountinggroup.com.au,,"Principal – CA, FTI, MProfAcc, BA (AppComm)",,-,2026-02-18 12:38:09,Jmc Accounting Group,,jmcaccountinggroup.com.au,33932740975632470332,2321956184444683,,,,
7,fce6fb63-e4d9-4f9c-8720-3a1b447575e2,+61263616364,2800admin@mybusinesskeeper.com.au,,,,-,2026-02-18 12:38:09,My Business Keeper,,mybusinesskeeper.com.au,66349498720314475752,64636951799323983990,,,,
8,fca9bd39-0c8a-479d-99d2-8a6415191169,+61268824880,angela@accounting4lifedubbo.com.au,,Office Contact,,-,2026-02-18 12:38:09,Accounting 4 Life,,accounting4lifedubbo.com.au,9390847999286415191169,466811785553821684582,,,,
9,fc7e4d15-7062-4178-82f0-a27bebc23197,+61397206666,raelene@jlcollyerpartners.com.au,,,,-,2026-02-18 12:38:09,J L Collyer And Partners,,jlcollyerpartners.com.au,7415706241788202723197,3734087558240407091875,,,,
10,fc3e583d-57d4-4174-bc8e-d8a10243b802,+61286071656,info@cnstax.com.au,,Chief Executive,,-,2026-02-18 12:38:09,Cns Accountants,,cnstax.com.au,358357441748810243802,8399476553785774551,,,,
11,fc2f56ac-b0ab-4f22-a499-8b3aeb2477ab,+61290047011,,,Office Contact,,-,2026-02-18 12:38:08,Gti Accountants And Business Advisory,,gticonsulting.com.au,2560422499832477,132583356402621505320,,,,
12,fc289eec-2240-40ed-9f30-e8f32ab8a5d7,+61297585000,webmaster@elitetax.com.au,,Office Contact,,-,2026-02-18 12:38:08,Ets,,elitetax.com.au,289224040930832857,16390555593992089,,,,
13,3746fc8a-bf19-4112-a949-87227ec819bd,+61263604041,mel@pearceaccounting.com.au,,Office Contact,,-,2026-02-18 12:38:08,Pearce Accounting,,pearceaccounting.com.au,3746819411294987227819,089571013529715164260,,,,
14,fbd99b79-cbe1-4cb2-af68-b92e7f120e78,+61295642533,david@fgfintax.com.au,,,,-,2026-02-18 12:38:08,F G Fintax Pty,,fgfintax.com.au,99791426892712078,8958451218984989,,,,
15,fb975479-8a11-45ca-b7bd-19dcecbe5492,+61289166259,info@abdera.com.au,,Office Contact,,-,2026-02-18 12:38:08,Abdera,,abdera.com.au,975479811457195492,441230752231995121,,,,
16,fafebfda-3a4e-4bd3-b468-8b0475248607,+61292118033,staff@yawco.com.au,,Office Contact,,-,2026-02-18 12:38:08,Yaw And,,yawco.com.au,344346880475248607,3683332582001844020366,,,,
17,fac9389f-2967-48f8-adae-b00bfb433b4a,+61260412010,info@alburyaccounting.com.au,,Office Contact,,-,2026-02-18 12:38:08,Albury Accounting,,alburyaccounting.com.au,93892967488004334,00240151399398045,,,,
18,fabc7d2c-8470-410f-8f30-f2fa95196c1c,+61285307584,reception@bodeccia.com,,Office Contact,,-,2026-02-18 12:38:08,Bodeccia Management Services,,bodeccia.com,7284704108302951961,30085954519164641931,,,,
19,fa98eb28-fda9-4c24-b725-6396275e7f41,+61288247441,office@johnwatts.com.au,,Office Contact,,-,2026-02-18 12:38:08,John Watts Accountants,,johnwatts.com.au,982894247256396275741,4378953295869937981231588,,,,
20,fa8efbb9-de4a-46d6-a60b-863057f1ea63,+61243045929,michael@sumoaccounting.com.au,,Office Contact,,-,2026-02-18 12:38:08,Sumo Accounting,,sumoaccounting.com.au,89446660863057163,86088679573913627,,,,
21,fa5ba631-2d07-4452-ba30-a5a5f3e1bf16,+61297232244,administration@accountingdynamics.com.au,,,,-,2026-02-18 12:38:08,Accounting Dynamics,,accountingdynamics.com.au,5631207445230553116,056286645412650588729,,,,
22,f9ff5e94-e16d-47e6-a51c-881b92711ab8,+61246557711,smsf@ptaservices.com.au,,,,-,2026-02-18 12:38:08,Pinnacle Tax And Accounting,,ptaservices.com.au,95941647651881927118,95071894155986137237691,,,,
23,f9f0f289-00b5-45dd-af47-6fba7e1aaf37,+61287640012,,,Office Contact,,-,2026-02-18 12:38:08,Rs Global Pty,,rs-global.com.au,90289005454767137,458905250755191997,,,,
24,f96378ec-8185-4a8d-9a6c-bea66360a84d,+61265838533,,,Office Contact,,-,2026-02-18 12:38:08,Ctc Accountants,,ctcservices.com.au,96378818548966636084,69146592254745743642,,,,
25,f8d1b992-b8fd-4e9c-ba86-f3f8483a3318,+61754913750,admin@assetaccounting.com.au,,Office Contact,,-,2026-02-18 12:38:08,Asset Accountants and Advisers,,assetaccounting.com.au,8199284986384833318,71318452788214273,,,,
26,f8beca36-59ca-44c7-b8c1-55097a477a3c,+61297720737,andrew@delahunt.com.au,,Office Contact,,-,2026-02-18 12:38:08,Andrew Delahunt and Company,,awesomeservices.com.au,8365944781550974773,006447575784516,"Accounting Services - We provide integrated bookkeeping, business management, tax services, SMSF, Business Advisory and Virtual CFO services.",,,
27,f898117f-6ec2-42cb-8790-56f3c64ecbd0,+61249715150,,,Office Contact,,-,2026-02-18 12:38:08,Swansea Accounting And Tax,,swanseatax.com.au,89811762428790563640,19408527194856088,,,,
28,f80f4fe2-1c64-44c5-b774-e052d8b44433,+611300713733,mark@andrewsaccountants.com.au,,,,-,2026-02-18 12:38:08,Andrews Accountants,,andrewsaccountants.com.au,8042164445774052844433,74019335251879777399,,,,
29,f746e718-1bd5-4c80-9cee-f904dc0325d9,+61282230057,,,Office Contact,,-,2026-02-18 12:38:08,Tax Line,,taxline.com.au,74671815480990403259,0835454245878284829361,,,,
30,f72ca92f-9a8c-4b33-9a54-684f3c2f6c54,+611300520911,info@clfas.com.au,,Office Contact,,-,2026-02-18 12:38:08,Client Focused Accountancy Services,,clfas.com.au,72929843395468432654,933070556255160684,,,,
31,f67fa71e-aa7c-4315-8532-1dd59c23b723,+61298060499,ben@taxtoday.com.au,,Office Contact,,-,2026-02-18 12:38:08,Tax Today Parramatta,,taxtoday.com.au,677174315853215923723,16508064205082851809717,,,,
32,f669ab65-e315-4d02-a782-6ff9c64b1992,+61298989822,,,Office Contact,,-,2026-02-18 12:38:08,Mcintosh Meissel And Associates,,mmaacc.com.au,6696531540278269641992,07970351758419231,,,,
33,f5b033d6-70f6-40fb-8f59-d023d608383b,+61283380220,,,Office Contact,,-,2026-02-18 12:38:08,Logic Accountants,,logicaccountant.com.au,5033670640859023608383,9376432597939835822316,,,,
34,f57a138a-1d32-4b1f-acd5-dad12ea0f655,+61292641124,info@dbcadvisory.com.au,,,,-,2026-02-18 12:38:08,Dbc Advisory,,dbcadvisory.com.au,57138132415120655,24283354580938778941343,,,,
35,f4ca8bb8-8c54-4bd6-8b7c-313b0a32267f,+61243266526,admin@lakesidetax.com.au,,Office Contact,,-,2026-02-18 12:38:08,Lakeside Taxation and Accounting Services,,lakesidetax.com.au,4888544687313032267,0246935458299634440811,,,,
36,f472ed38-392d-4ebc-a372-948ecdf3f9fb,+61296218795,,,Office Contact,,-,2026-02-18 12:38:08,Aks Business And Taxation Services,,aksproservices.com,47238392437294839,393441955291434744752,,,,
37,f3cd41b4-a14c-4506-b11e-9e403b06e6d6,+611300753447,accounting@sgapl.com.au,,,,-,2026-02-18 12:38:08,Skeggs Goldstien,,sgapl.com.au,34141445061194030666,17131371915726951201266424,,,,
38,f3ccc10e-8c43-4526-9884-7e5ca4d6ccf2,+61280062519,,,Office Contact,,-,2026-02-18 12:38:08,Accountingcare Pty,,accountingcare.com.au,3108434526988475462,247314656996397616029666,,,,
39,f3b8b13e-3762-4e85-88c2-75695db183a0,+61282472700,admin@qiwealth.com.au,,Office Contact,,-,2026-02-18 12:38:07,Qi Wealth Pty,,qiwealth.com.au,38133762485882756951830,77166515678175998557226458,,,,
40,f3931554-1581-401a-9eb2-0f772c6eefff,+61244724064,admin@gleesonandpartners.com.au,,Office Contact,,-,2026-02-18 12:38:07,Gleeson And Partners,,gleesonandpartners.com.au,393155415814019207726,0513957425542108,,,,
41,f379bc59-2aa6-4912-a6a1-eb0b353895dd,+61249278982,lara@growthwise.com.au,,Office Contact,,-,2026-02-18 12:38:07,Growthwise,,growthwise.com.au,37959264912610353895,1314785727211641,,,,
42,f3316416-4e01-43d2-a9fe-a9e7ac069f60,+611800788186,,,Office Contact,,-,2026-02-18 12:38:07,Prime Numbers Accountants,,pnaccountants.com.au,331641640143299706960,07164937950937288907733,,,,
43,f310347d-2fec-447b-8964-8219586b379d,+61246557441,mail@chipperfield.com.au,,Office Contact,,-,2026-02-18 12:38:07,Chipperfield &amp; Co. Pty Ltd,,chipperfield.com.au,310347244789648219586379,29555263156808982790715,"Chipperfield &amp; Co. Pty Ltd is your locally based provider of Taxation and Accountancy services for business and personal clients in the Camden Area. We are a CPA Practice, registered tax agent and have extensive experience in taxation, accounting and business practices. Contact us now and we can show you the difference in dealing with professionals.",,,
44,f309d342-5e07-4e0d-b6a3-af445495468b,+61295873555,privacy@kottakis.com.au,,Office Contact,,-,2026-02-18 12:38:07,Kottakis and Associates,,kottakis.com.au,3093425074063445495468,94815554063521229,,,,
45,f2f99e36-e015-5bf7-a0da-b224965413db,+61391103304,robertson.tim@gmail.com,,Chartered Accountant,,-,2026-02-18 12:38:07,Teneo Financial Advisory Australia Pty Ltd,,teneo.com,29936015570224965413,13870075819031603477,,,,
46,f2f2fc56-db97-41d4-8dbb-9d2bc7882441,+611300001971,info@canale.com.au,,,,-,2026-02-18 12:38:07,Mitchell and Associates,,canale.com.au,2256974148927882441,53815548985396008,,,,
47,f29ecf61-aa7b-45ef-9c1f-71257dbc79b5,+611300874023,email@empfox.com.au,,,,-,2026-02-18 12:38:07,Empfox Accounting Pty,,empfox.com.au,29617459171257795,48683065512634569725,,,,
48,f2724ee9-8830-4983-944d-812b36a2d802,+611300421706,info@infinityaccountants.com.au,,Office Contact,,-,2026-02-18 12:38:07,Infinity Accountants,,infinityaccountants.com.au,2724988304983944812362802,4574918957291223873,,,,
49,f26b3536-c16a-4fcb-839c-68fac23756dc,+61296439822,,,Office Contact,,-,2026-02-18 12:38:07,Aia Finance and Accounting Consulting,,aia-accounting.com.au,2635361648396823756,658505519513764253676,,,,
50,f1fee469-a8d8-4791-8f6f-b966b83e0433,+61298909040,,,Office Contact,,-,2026-02-18 12:38:07,J J Gregoire And,,jjgregoire.com.au,146988479186966830433,775694705699039240304,,,,
51,f1b09093-8636-43f1-8db0-85b186b27b9d,+611300112242,admin@citygroupadvisors.com.au,,Office Contact,,-,2026-02-18 12:38:07,City Group Accountants,,citygroupaccountants.com.au,10909386364318085186279,979945350533746651012,,,,
52,f1919d22-9642-4f6b-a6a0-3b745ba1edf8,+61299849611,,,Office Contact,,-,2026-02-18 12:38:07,Tisano And Associates,,cleveraccounting.com.au,19192296424660374518,564892058209772,,,,
53,f11bfb31-ae8f-4c09-9b7d-3c6db5d44ebb,+61294892912,,,Office Contact,,-,2026-02-18 12:38:07,Gem Taxation Services,,gemtaxationservices.com.au,113184099736544,5051044578852705782818,,,,
54,f09d8d68-1f2c-45a2-93f6-9d4a63c5db3e,+61244643600,,,Office Contact,,-,2026-02-18 12:38:07,Berry Chartered Accountants,,berryca.com.au,0986812452936946353,075218575945822032341436,,,,
55,f0854e79-6b81-444f-92d5-8600c4161843,+61297583352,91info@accountantfirst.com.au,,Principal Accountant &amp; Adviser,,-,2026-02-18 12:38:07,Accountant First,,accountantfirst.com.au,08547968144492586004161843,1894805555542626214,,,,
56,f03d2812-e8c4-44dd-b31c-23b1c75dcb3d,+61280931913,info@irinahollander.com.au,,Office Contact,,-,2026-02-18 12:38:07,Irina Hollander And Associates,,irinahollander.com.au,032812844431231753,70791091750628749041632877,,,,
57,f00de30c-3235-429a-9b88-e66de3c0e605,+61295538117,reception@ponirisandco.com.au,,Office Contact,,-,2026-02-18 12:38:07,Poniris,,ponirisandco.com.au,003032354299886630605,84186567887621518,,,,
58,efef3905-8bb5-430e-8564-0fbf16820b97,+61280686070,info@jmaccountants.net.au,,Office Contact,,-,2026-02-18 12:38:07,J And M Accountants,,jmaccountants.net.au,390585430856401682097,4183850799676669191,,,,
59,efe5bf98-c7ff-4e85-aff1-1a31ee5a1de5,+61296833276,info@tfstax.com.au,,Office Contact,,-,2026-02-18 12:38:07,Teachers Financial Services Tfs,,tfstax.com.au,59874851131515,9274865800896434422426,,,,
60,efb56881-50b2-4cea-93ac-378eb66f212e,+61242613999,,,Office Contact,,-,2026-02-18 12:38:07,Geoff Rogers And,,geoffrogersandco.com.au,5688150249337866212,587528528591987125,,,,
61,ef9abfba-ae56-4244-bf3f-672f13ad84e1,+61265839444,contact@planattain.com.au,,Office Contact,,-,2026-02-18 12:38:07,Planattain By Ryan Financial,,planattain.com.au,9564244367213841,30095452801137250,,,,
62,ef8a558d-6add-476d-929f-d4687d99588a,+61297446866,6866info@mpaonline.com.au,,,,-,2026-02-18 12:38:07,Peter Mansour,,mpaonline.com.au,85586476929468799588,56118605298996328716,,,,
63,ef896405-3566-4051-a0e4-f5ebf6e153c7,+61280641685,hgaccounting@gmail.com,,,,-,2026-02-18 12:38:07,Hg Accounting And Taxation Services,,hgats.com.au,8964053566405104561537,08995766505091314,,,,
64,ef4988de-f805-4880-8ff2-3401754658ec,+61291528605,info@emspire.com.au,,Office Contact,,-,2026-02-18 12:38:07,Emspire Advisory,,emspire.com.au,49888054880823401754658,70286526235225874589481,,,,
65,ee808656-5a28-4c39-8430-6c7a91eff550,+61297915897,info@cagpartners.com,,Office Contact,,-,2026-02-18 12:38:07,Central Advisory,,cagpartners.com,80865652843984306791550,0676775519661997482,,,,
66,ee7c1ef9-3654-40be-8de1-2331cf234cf5,+61299189900,,,Principal Director,,-,2026-02-18 12:38:07,Anthony Suters And Associates,,suters.com.au,7193654408123312345,97884245725689190652349,,,,
67,ee611f03-1dfc-44bf-82c6-7279ea42850a,+61295290888,john@johngeorge.com.au,,,,-,2026-02-18 12:38:06,John George,,johngeorge.com.au,61103144826727942850,1552770356988712716465,,,,
68,ee55ba83-751b-4bb1-9f2a-90731430d7e7,+61269934933,reception@pynors.com.au,,Principal Accountant / Owner,,-,2026-02-18 12:38:06,Pynors Accountants,,pynorsaccountants.com.au,558375141929073143077,435891251757507035035,,,,
69,ee2a8c31-3433-4327-872d-1de94dea3c2b,+61295440900,,,Office Contact,,-,2026-02-18 12:38:06,Peter Saunders and Associates,,saundersandassociates.com.au,28313433432787219432,73815695824801404516,,,,
70,ee1ef4da-7895-4129-8773-1fb179920bb0,+61296979155,success@akagroup.com.au,,,,-,2026-02-18 12:38:06,Aka Group Accountants Advisors Mentors,,akagroup.com.au,1478954129877311799200,6173316053139885470905,,,,
71,ed954362-dbf3-4772-afeb-54f560d1feb1,+611300278829,arthit@artsaccountants.com.au,,,,-,2026-02-18 12:38:06,Michael Fox Arts Accountant and Valuer,,artsaccountants.com.au,954362347725456011,001434458388649,,,,
72,ed6133b3-8836-48b5-a2d0-e60ab33fd04d,+61292671380,info@jrbusiness.com.au,,Office Contact,,-,2026-02-18 12:38:06,Jr Business Partners,,jrbusiness.com.au,61333883648520603304,51207951128129690344,,,,
73,ec42b3c0-78c2-4639-8aa8-2f38cc470144,+61292647122,kpgsydney@kpgholdings.com.au,,,,-,2026-02-18 12:38:06,Kpgholdings Pty,,kpgholdings.com.au,4230782463988238470144,199731399354080638738369,,,,
74,ebee64fa-549a-48a2-ac37-09dd966f29f5,+61280804341,,,Office Contact,,-,2026-02-18 12:38:06,Alliance Partners,,alliancepartners.com.au,645494823709966295,46805375811730504680,,,,
75,ebbf6d06-b35a-4fb7-87ca-2e95e5ee4f2b,+61267613000,,,Office Contact,,-,2026-02-18 12:38:06,Psarakis Accounting,,psarakis.com.au,606354787295542,22841571825540010,,,,
76,eb7e7ffb-baab-4d7a-b773-654179bb2c53,+61242846503,peter@psats.com.au,,Office Contact,,-,2026-02-18 12:38:06,Peter Scioscia Accounting and Taxation Services,,psats.com.au,7747773654179253,342133245095849183575,,,,
77,eae1b3fa-c162-4318-a2ee-ed19fff2a3ab,+61298201683,info@jrwilsonco.com.au,,Office Contact,,-,2026-02-18 12:38:06,Legal And Accounting Services Australia Pty,,legalaccountingservices.com.au,13162431821923,56764563063590420,,,,
78,ea97cdc9-a826-4b7d-80fd-06a6d400ff1a,+61240187400,,,Leader of Anconsult team (likely founder/director),,-,2026-02-18 12:38:06,Anconsult Business Solutions,,anconsult.com.au,97982647800664001,99529299357013327976,,,,
79,ea42c19c-b1cd-4021-bd4f-602bbe7fe639,+61282947263,,,Office Contact,,-,2026-02-18 12:38:06,Accounting Clicks,,accountingclicks.com.au,42191402146027639,04657352970718,,,,
80,ea056d7b-57c3-4147-b8f2-e71777972c6b,+61293134644,,,Office Contact,,-,2026-02-18 12:38:06,Bourke Business Consultants,,bourkebusinessconsultants.com,0567573414782717779726,1844658515716867892,"Welcome to Bourke Business Consultants, your friendly neighbourhood accounting practice in Alexandria. We‘re a tight-knit team with over 20 years of experience, specialising in helping small to medium businesses navigate the maze of financial statements, tax returns, and more.",,,
81,e8c44e07-17f7-4019-a595-2c91c953f991,+61242321766,mail@waldieco.com.au,,Office Contact,,-,2026-02-18 12:38:06,Cronin And Norris,,waldieco.com.au,844071774019595291953991,5115709552594791061,,,,
82,e8c0a41f-967f-4b19-88e7-77dc55d386b6,+61291919274,usinfo@anaca.com.au,,,,-,2026-02-18 12:38:06,A N And Associates Chartered Accountants,,anaca.com.au,804196741988777553866,05994205259609827918457,,,,
83,e890d861-d462-46b3-9e29-9bfce6b6168e,+61285400941,info@jmat.com.au,,Office Contact,,-,2026-02-18 12:38:06,Jm Accounting And Taxation,,jmat.com.au,890861462463929966168,57532102590336582800,,,,
84,e8339e07-ed61-4e0d-9ccc-e211a4a869b8,+61286280709,,,Managing Director,,-,2026-02-18 12:38:06,Your Business Group,,ybg.net.au,8339076140921148698,9077087573973958137,,,,
85,e7f3aa28-23eb-4357-8510-2f102164791c,+61294162194,,,Office Contact,,-,2026-02-18 12:38:06,Whamcorp Pty,,whamcorp.com.au,732823435785102102164791,36992845628869246827,,,,
86,e7ba1230-8e66-4cfc-bb1a-2821a02a4f77,+61880879266,,,Office Contact,,-,2026-02-18 12:38:06,Gardiner Hall And,,gardinerhall.com.au,7123086641282102477,5193945396498431346,,,,
87,e716ac74-f0ce-47d9-93fa-29863d564ff1,+61398639971,info@impulseaccountants.com.au,,Office Contact,,-,2026-02-18 12:38:06,Impulse Accountants,,impulseaccountants.com.au,71674047993298635641,02818351195277752,,,,
88,e6dc206a-2485-4ea8-85c7-4c7461768901,+61242970066,,,Office Contact,,-,2026-02-18 12:38:06,Garry Pinch,,accountingprofessionals.com.au,620624854885747461768901,5588750952569974616865092,,,,
89,e6aecd81-8db8-4f42-b5dd-17887d5949ea,+61296522400,info@hillsaccounting.net.au,,Office Contact,,-,2026-02-18 12:38:06,Hills Accounting Solutions,,hillsaccounting.net.au,681884425178875949,300031842524246976410759,,,,
90,e688981b-cd67-4d8a-ae85-55d754b2ad26,+61285807485,info@globalaccountants.com.au,,Office Contact,,-,2026-02-18 12:38:06,Global Accountants and Business Services,,globalaccountants.com.au,68898167488555754226,9185505791522853699,,,,
91,e5ac2d9b-7a15-4c87-a855-aa986bd7efc6,+61242265033,john@stapletonaccounting.com.au,,,,-,2026-02-18 12:38:06,Stapleton Accounting,,stapletonaccounting.com.au,52971548785598676,118375998995894,,,,
92,e5ab8ebe-7eed-45b3-be75-fb15d6c91c33,+61398673155,,,Office Contact,,-,2026-02-18 12:38:06,Mclennan Partners,,mclennanpartners.com.au,587453751569133,0279319525582117861249,,,,
93,e5887df2-74c9-4b42-b28e-4a3f5283f8cd,+61283788200,,,Office Contact,,-,2026-02-18 12:38:06,Cogent Partners Chartered Accountants,,cogentpartners.com.au,58872749442284352838,196756659698698359689,,,,
94,e584a7d0-043f-42e1-a92c-d1db397ddacc,+61292624800,fclune@fclune.com.au,,,,-,2026-02-18 12:38:06,Frank Clune and Son,,frankclune.com.au,58470043421921397,202034522582664595094,,,,
95,e541baba-21ad-4643-8526-3074ac785159,+61294134322,artarmon@summitconsultants.com.au,,Harold Maksoudian,,-,2026-02-18 12:38:06,Summit Business Consultants,,summitconsultants.com.au,54121464385263074785159,46392650779749903,,,,
96,e5344733-a457-48ef-afbd-3b02e3fcf4bc,+61267663777,adam@rmj.net.au,,,,-,2026-02-18 12:38:05,Roach Morgan Jones,,rmj.net.au,53447334574830234,2163101529822099168,,,,
97,e4d3630a-a450-47da-8724-60bab69aca27,+61281887888,info@accessprofessionals.com.au,,Office Contact,,-,2026-02-18 12:38:05,Koletti R,,accessprofessionals.com.au,43630450478724606927,020355557638994679605,,,,
98,e4883eaa-1740-4c43-a72b-eaf9c263b71b,+61289668800,advice@chartergroup.com.au,,,,-,2026-02-18 12:38:05,Charter Accounting Group,,chartergroup.com.au,4883174044372926371,44809458491530448,,,,
99,e471df4a-bd29-4268-9167-449e76dbfec0,+61244712995,steven@mckeaneaccountants.com,,Office Contact,,-,2026-02-18 12:38:05,Mckeane Accountants,,mckeaneaccountants.com,47142942689167449760,002113599876828153,,,,
100,e4430738-6e21-43d0-a27c-296876c5be88,+61299974701,contact@austinsfs.com.au,,Office Contact,,-,2026-02-18 12:38:05,Austins Financial Solutions,,austinsfs.com.au,443073862143027296876588,8896570397317675,,,,
101,0f337b10-05d2-4fab-89b0-01ca8686592f,+61297572293,chris@taxspot.com.au,,Office Contact,,-,2026-02-18 12:38:05,Taxspot,,taxspot.com.au,0337100524890018686592,4432196597542137758,,,,
102,e35897f7-e506-4e5a-af50-7e0a8f88c1c6,+61280065550,info@dguoandco.com.au,,Office Contact,,-,2026-02-18 12:38:05,D Guo,,dguoandco.com.au,35897750645507088816,921075278977285645,,,,
103,e320c309-407c-42e7-99e3-08e1e7897f18,+61298744121,gsjang@kostar.com.au,,Director,,-,2026-02-18 12:38:05,Kostar Accounting,,kostar.com.au,320309407427993081789718,01120565491229229972,,,,
104,e2a863c2-51f2-4a31-aaea-4616404f4204,+61244724222,shannon@ashtongarland.com.au,,,,-,2026-02-18 12:38:05,Ashton Garland Accounting,,ashtongarland.com.au,2863251243146164044204,9009152290678843362,,,,
105,e29d9d8c-1b12-4065-ae97-8f31cfe08c95,+61394840566,info@trustpointadvisory.au,,Office Contact,,-,2026-02-18 12:38:05,Tsiaras And Co Accountants And Business Advisors,,tsiarasandco.com.au,29981124065978310895,7000559664221999659,,,,
106,e299e0e8-2042-467f-bca1-fe50158554ba,+61296591177,nalexander@shoran.com.au,,Office Contact,,-,2026-02-18 12:38:05,Platinum One Accounting Services,,platinumone.com.au,299082042467150158554,512600752075070200857,,,,
107,e25ba122-04fc-4a64-adfd-e8c657a37f62,+61298749611,eastwoodace@gmail.com,,Principal Accountant / Tax Agent,,-,2026-02-18 12:38:05,Ace Accounting Solutions,,eastwoodace.com.au,251220446486573762,723590764848,,,,
108,e24b666e-f6dc-421d-9469-99c8ab705ba0,+61242104511,,,Office Contact,,-,2026-02-18 12:38:05,Afb Nexus,,afbnexus.com.au,24666642194699987050,3798149653684441108590,,,,
109,e2380257-e62e-4231-a513-dd2494adae94,+61298748038,,,Office Contact,,-,2026-02-18 12:38:05,Tricor Services Australia Pty,,tricor.com.au,2380257624231513249494,8852120945673082699039,,,,
110,e1c71a86-adac-49d1-a747-99b7d87e8c9d,+61295864711,info@dgk.net.au,,Office Contact,,-,2026-02-18 12:38:05,Dgk And Associates,,dgk.net.au,171864917479978789,718528489592845045550,,,,
111,e1c2fcca-c115-44da-a235-caf7eb75deb3,+61291442266,,,Office Contact,,-,2026-02-18 12:38:05,Arenson Mark And,,markarensonco.com.au,12115442357753,638092658362225919,,,,
112,e1be8d14-7166-4d8f-a33a-58166ebaa84f,+61292311890,mehul@austinbrothers.com.au,,,,-,2026-02-18 12:38:05,Austin Brothers,,austinbrothers.com.au,1814716648335816684,9308549721572887870713,,,,
113,e1669173-9fac-4cad-b182-ecac353ba692,+611300727082,,,Office Contact,,-,2026-02-18 12:38:05,Osborne Yuille,,osborneyuille.com.au,166917394182353692,9254665526622944420125,,,,
114,e14564d8-4f90-430c-bc32-de2cd007b047,+61298232121,,,Office Contact,,-,2026-02-18 12:38:05,Australian Accounting And Taxation Professionals,,aatp.com.au,145648490430322007047,622222750575422601,,,,
115,e0f91d6b-9545-4515-ae54-7385a2f1016e,+61246258555,roy@wkh.com.au,,,,-,2026-02-18 12:38:05,Warby Hawkins And Partners,,wkh.com.au,09169545451554738521016,0553295735974388767,,,,
116,e0efcb18-1a21-4a77-a061-6f564ebfc076,+61297593000,garry@garrykandil.com.au,,Office Contact,,-,2026-02-18 12:38:05,Garry Kandil And,,garrykandil.com.au,0181214770616564076,86857475325859271317,,,,
117,e0e01dcf-bdf9-4dd0-be65-7e2f1eb7456b,+61299793244,lisa@dohertywhite.com.au,,,,-,2026-02-18 12:38:05,Doherty White Accountants,,dohertywhite.com.au,001940657217456,0680815548964626,,,,
118,dfd57165-4075-45ea-8ea4-628077aebbd2,+61390445400,,,Office Contact,,-,2026-02-18 12:38:05,Ej Accountants Pty Ltd Tullamarine,,ejaccountants.com.au,57165407545846280772,11738495576204354925728,,,,
119,dfb3d9b1-5b40-436c-a688-ad3627352599,+61280467621,info@acpaccountants.net.au,,Office Contact,,-,2026-02-18 12:38:05,Acp Accountants Pty,,acpaccountants.net.au,3915404366883627352599,895802707539712240131907,,,,
120,ded5ecc1-95fb-4cef-83d5-04b276c23d8d,+611300113733,,,Office Contact,,-,2026-02-18 12:38:05,Free Accounting,,freeaccounting.com.au,5195483504276238,548315325817233364098,,,,
121,de7153fe-46af-472a-8bc5-ab64fe37483e,+61291813431,tiffany.doan@insightmp.com.au,,Office Contact,,-,2026-02-18 12:38:05,Insight Management Partners,,insightmp.com.au,715346472856437483,5861675726951833644,,,,
122,de31cf22-c8b4-413f-9a39-1af0945015a2,+61263362033,helen@helowe.com.au,,,,-,2026-02-18 12:38:05,He Lowe,,helowe.com.au,312284413939109450152,01326226625100959774582,"Easing of COVID-19 WORK PRACTICES For the assistance of our clients and this business and in line with government announcements, we have now eased restrictions about access to this workplace.",,,
123,ddb8a9b3-2e19-414a-933a-8aa21efa5a8a,+611300133316,,,Office Contact,,-,2026-02-18 12:38:05,Stirling Accounting And Financial Solutions,,stirlingfinancial.com.au,89321941493382158,3450359988832779530,,,,
124,dd91d3f1-572b-40a7-8bcb-fb87ff375ac0,+61240500900,0900hello@collectivefp.com.au,,Pete de Jong,,-,2026-02-18 12:38:04,Collective Financial Partners,,collectivefp.com.au,91315724078873750,185773545824593109804,,,,
125,dd3fe385-4878-4f4a-8cc0-7d7033a34ca2,+61292814067,info@nwa.com.au,,Office Contact,,-,2026-02-18 12:38:04,Networth Accounting,,nwa.com.au,33854878448077033342,923426045051568827093165,,,,
126,dd23ad40-2c11-4fdb-b21a-30c707ffe4cd,+61266581655,admin@qualityaccounting.com.au,,Senior Accountant / Partner (inferred from context),,-,2026-02-18 12:38:04,Quality Accounting,,qualityaccounting.com.au,2340211421307074,927002500157570996859992,,,,
127,dca80aa4-7e81-4b4e-91ea-3d3956c9d237,+61291944620,info@hnmtaxadvisors.com.au,,Office Contact,,-,2026-02-18 12:38:04,HNM Tax Advisors,,hnmtaxadvisors.com.au,8047814491339569237,58563588850230268,,,,
128,dc625802-a3eb-4306-baec-dc3534f60bf2,+61296892777,matt@pixelspread.com,,Office Contact,,-,2026-02-18 12:38:04,Merhi,,merhiandco.com.au,625802343063534602,08668539549313642,,,,
129,dc089088-9985-4d5f-a387-caa7a0e4c08c,+611300000501,enquiry@refundmytaxnow.com.au,,Team,,-,2026-02-18 12:38:04,Refund My Tax Now,,refundmytaxnow.com.au,08908899854538770408,1190690510951171228,,,,
130,dbc039c2-a0db-45fb-9789-8ae59dcee696,+61297557466,mathew@bechini.com.au,,,,-,2026-02-18 12:38:04,Bechini And Associates,,bechini.com.au,03920459789859696,8928355344051705199,,,,
131,dbb531f5-86ca-4a0d-8c64-c7ed6ef1ac44,+61298164111,services@rdcaccountants.com.au,,Office Contact,,-,2026-02-18 12:38:04,Rdc Accountants Pty,,rdcaccountants.com.au,5315864086476144,17834635889365386099,,,,
132,db77c989-0be2-45ee-ba04-34eb1c91c74c,+61283585553,campsieadmin@solacepartners.com.au,,,,-,2026-02-18 12:38:04,Solace Partners,,solacepartners.com.au,779890245043419174,2980075745542698,,,,
133,db6276b7-b1cf-46c7-92a3-eed4c4a4474d,+61293404343,enquiry@yesaccounting.com.au,,Office Contact,,-,2026-02-18 12:38:04,Yes Accounting Pty,,yesaccounting.com.au,627671467923444474,86793080058193108476739,,,,
134,db576961-c54a-4158-a255-472150694dc7,+61298940591,vanessaashby@ashbyandco.com.au,,,,-,2026-02-18 12:38:04,Ashby And,,ashbyandco.com.au,5769615441582554721506947,190550003573758362,,,,
135,db1c45a9-201a-4d2b-beee-a73fb8c2d604,+61297181599,info@lpha.com.au,,Office Contact,,-,2026-02-18 12:38:04,Lazarides Premetis And Associates,,lpha.com.au,1459201427382604,19743095788189277,"Whether you need advice on company tax, personal tax effectiveness or indirect taxation including payroll tax and GST, our team will identify the best solutions for you.",,,
136,db157b78-9356-4380-8e6d-294cabf7f1e0,+61295256622,info@conroyevans.com.au,,Office Contact,,-,2026-02-18 12:38:04,Conroy Evans And,,conroyevans.com.au,157789356438086294710,39794905883326994875,,,,
137,db137325-6182-4696-8b8e-fd2d7ba92105,+61278014839,contact@amadvisory.com.au,,Office Contact,,-,2026-02-18 12:38:04,Am Advisory,,amadvisory.com.au,13732561824696882792105,93805990526668585621,,,,
138,daeb515d-2bfc-4029-81dd-a964dad03121,+611300060634,info@sksadvisory.com.au,,Office Contact,,-,2026-02-18 12:38:04,Sks Business Advisory Accounting And Taxation Services,,sksadvisory.com.au,515240298196403121,94935662854622927698,,,,
139,57f05347-233a-4cd5-9f85-23aec1b2c17c,+61244210336,0336info@essentiallyaccounting.com.au,,Office Contact,,-,2026-02-18 12:38:04,Southtax Accountants,,southtax.com.au,570534723345985231217,379833945600009884665,,,,
140,dad4af0f-b1bc-480a-9b9c-4e629a6dd7db,+61247734235,admin@snsaccounting.com.au,,Office Contact,,-,2026-02-18 12:38:04,SNS Accounting and Taxation,,snsaccounting.com.au,40148099462967,2445033575081,,,,
141,dab5e966-bff5-4051-835a-1d6edb10e24e,+61268823933,admin@visionaryaccounting.net.au,,Office Contact,,-,2026-02-18 12:38:04,Visionary Accounting,,visionaryaccounting.net.au,596654051835161024,68343945932981998,,,,
142,d9bfca14-677b-43df-bc4e-9e6421e8ccb3,+61286287126,raj@vblco.com.au,,,,-,2026-02-18 12:38:04,Vblco Accountants,,vblcoaccountants.au,9146774349642183,48811131522760728190,,,,
143,d8f1509c-bf05-41a5-98c7-ce58b26673d0,+61296449220,info@sunderlandaccounting.com.au,,Office Contact,,-,2026-02-18 12:38:04,Sunderland Accounting,,sunderlandaccounting.com.au,815090541598758266730,00525801065283637158588,,,,
144,d848ceff-2141-4be6-a7d1-2596f5708e1f,+61280075444,,,Office Contact,,-,2026-02-18 12:38:04,Lidcombe Tax,,lidcombetax.com.au,84821414671259657081,41488114553973875,,,,
145,d7df25a2-85fd-4444-9e8c-b818dc20b6c8,+61292800770,,,Office Contact,,-,2026-02-18 12:38:04,Enhance Tax Partners Pty,,etaxpartners.com.au,7252854444988182068,9787475551795624695476,,,,
146,d7b1a26f-8e04-4ced-a766-5dba48b887ee,+61283136550,,,Office Contact,,-,2026-02-18 12:38:04,Mowad Financial Services,,mowadfs.com.au,71268044766548887,7640376320503264546178,,,,
147,d756bfc3-ec3e-4449-8fa5-fd339207e000,+611800008664,toni@blueorchidaccounting.com.au,,,,-,2026-02-18 12:38:04,Blue Orchid Accounting,,blueorchidaccounting.com.au,75633444985339207000,926608697250748451984612001,,,,
148,d74b3306-459d-4b99-8167-54791bed41d8,+61398100700,,,Office Contact,,-,2026-02-18 12:38:04,Bg Private,,bgprivate.com.au,743306459499816754791418,05552152573939792391255,,,,
149,d74525a1-a59d-4474-8297-f7b44e94f3e9,+61249919119,%20info@rhkequities.com.au,,,,-,2026-02-18 12:38:04,Rhk Equities Pty,,rhkequities.com.au,74525159447482977449439,95528453954206835475,,,,
150,d6dda5e0-4b01-4459-b653-11d267a32ac2,+61247062227,info@interactiveba.com.au,,Blog,,-,2026-02-18 12:38:04,Interactive Business Advisors Pty,,interactiveba.com.au,650401445965311267322,15160825659291517751889,,,,
151,d6b1110c-880d-489f-ad0f-1172662cf3e4,+61295436804,,,Meet Our TeamOur team brings strong knowledge and hands on experience. Each member works with honest,,-,2026-02-18 12:38:04,Trinity Accounting Practice,,trinitygroup.com.au,611108804890117266234,02259239559603538976,,,,
152,d64bc72b-ab1f-4277-b753-818dca04bdee,+61288655700,,,Office Contact,,-,2026-02-18 12:38:04,Priority One,,getpriorityone.com.au,64721427775381804,8729710757889902981106404,,,,
153,d640d605-81e5-4795-a1bf-3384b54ba49a,+61294373030,,,Office Contact,,-,2026-02-18 12:38:04,Jim McGowan Accountants,,jmaccountants.com.au,6406058154795133845449,00642175612386132911,,,,
154,d60b7258-c223-4718-92bf-9e0581067521,+61296878118,info@fgaccounting.com.au,,Office Contact,,-,2026-02-18 12:38:03,Fg Accounting Pty,,fgaccounting.com.au,60725822347189290581067521,9442777536262112909153,,,,
155,d597b62f-8975-45b3-b38e-58b9beb8fcda,+61296891677,,,Office Contact,,-,2026-02-18 12:38:03,Capricorn Business Services,,capricornbusiness.com.au,597628975453385898,183048842955888851751,,,,
156,d52b145f-bc95-4a58-9238-da22ec59a136,+61299551544,ianl@phillipspartners.com.au,,Founding Partner,,-,2026-02-18 12:38:03,Phillips Partners,,phillipspartners.com.au,521459545892382259136,6950601435339647330810,,,,
157,d4ce026b-dcbd-4dec-9e0f-6587d6c0c51a,+61247514091,,,Office Contact,,-,2026-02-18 12:38:03,Kerslake Gray,,kerslakegray.com.au,402649065876051,871969713589894020826328,,,,
158,d3d4c160-43f8-4d6e-9597-11bdbec90c72,+61295559692,,,Office Contact,,-,2026-02-18 12:38:03,Clarity Management Group,,claritymg.com.au,34160438469597119072,93092122422856089988126249,,,,
159,d3cf4e3c-1990-4fd4-9875-6f1416040c52,+61295551214,jack.cheng@hannantax.com,,Office Contact,,-,2026-02-18 12:38:03,Hannan Accounting And Taxation Services,,hannantax.com,34319904498756141604052,950533650994999326,,,,
160,d3010015-e7e2-440c-9e64-f80bc1d93808,+61242080490,info@cartergray.com.au,,Office Contact,,-,2026-02-18 12:38:03,Carter Gray Accounting,,cartergray.com.au,30100157244096480193808,181996542413529785685,,,,
161,d2b87174-7964-43db-9ee4-cd1a5869b4d4,+61280980017,admin@ballito.com.au,,Office Contact,,-,2026-02-18 12:38:03,Ballito Business Services,,ballito.com.au,287174796443941586944,67029455503949665904,,,,
162,d26abdbd-24c2-4c4c-a777-4f9364f4a1e4,+61242257779,solutions@bwaccounting.net.au,,,,-,2026-02-18 12:38:03,Black and White Accounting Solutions,,bwaccounting.net.au,262424477749364414,064815738375694443,,,,
163,d245def9-846b-4e04-814f-fb223907bbb3,+61358743446,admin@tocaccounting.com.au,,Office Contact,,-,2026-02-18 12:38:03,Tocumwal Accounting,,tocaccounting.com.au,24598464048142239073,15936239759080554804353718,,,,
164,d1fa3464-df7d-4d53-bcac-f6b889da4e44,+61242944462,bizacct@bigpond.net.au,,Office Contact,,-,2026-02-18 12:38:03,Small Business Accountants Pty,,bizacct.com.au,1346474536889444,925739175225151977063079,,,,
165,d14e0c67-3e46-4469-bdb7-c0b7dd8f8fe7,+61291607777,info@forbesholland.com.au,,Office Contact,,-,2026-02-18 12:38:03,Forbes Holland,,forbesholland.com.au,140673464469707887,9516844954753159412203662,,,,
166,73c8a7d3-ed36-4a03-86e3-5b4e09ce6790,+61294113598,typesetit@att.net,,Office Contact,,-,2026-02-18 12:38:03,Entertainment Accounting And Taxation Services,,entertax.com.au,738733640386354096790,05134502476887599,,,,
167,d0ca6c5d-8e2b-464e-aa3c-06eab3f379ec,+61295864466,info@abistax.com.au,,Office Contact,,-,2026-02-18 12:38:03,Abis Tax,,abistax.com.au,065824643063379,097089935254557461965909,,,,
168,d0b1e1e9-4b42-4ba6-bc87-e466eb585b48,+61289605205,info@hwaccounting.com.au,,Office Contact,,-,2026-02-18 12:38:03,Hw Accounting And Taxation,,hwaccounting.com.au,0119442468746658548,926623522021271654,,,,
169,d04355e9-0800-4bec-b64c-9f7d0ab72c90,+61295426669,darren@rossenaccounting.com.au,,Office Contact,,-,2026-02-18 12:38:03,Darren Rossen And Associates Pty Limited,,rossenaccounting.com.au,04355908004649707290,13535353940045355779128,,,,
170,d0195438-319e-4d8a-a7a3-2803d426827e,+611300788650,info@bcsaccounting.com.au,,Office Contact,,-,2026-02-18 12:38:03,Avante Financial Services,,avantefinancial.com.au,019543831948732803426827,7605048754353116007,,,,
171,cff2cc70-e18b-496c-b219-44df80666636,+61296824999,,,Office Contact,,-,2026-02-18 12:38:03,Pj Taxation and Accounting Services,,pjtax.com.au,270184962194480666636,5379758589975177,"Welcome to WordPress. This is your first post. Edit or delete it, then start writing!",,,
172,cfbb69a6-2eae-42a2-b9f9-e8d025f6758a,+61290304071,info@domanetax.com.au,,Office Contact,,-,2026-02-18 12:38:03,Domane Tax and Accounting,,domanetax.com.au,69624229980256758,5166189579214380636,,,,
173,cf81cfdd-3ebd-433c-ae92-ee62b5035902,+61299052389,john@taxguy.com.au,,Office Contact,,-,2026-02-18 12:38:03,Tax Guy For The Small Fry John Holterman,,taxguy.com.au,81343392625035902,26639660509276288117,,,,
174,cf785332-cb81-4d32-90ec-238096f02378,+61242298700,admin@tbaa.com.au,,Office Contact,,-,2026-02-18 12:38:03,Terry Bec and Associates,,tbaa.com.au,785332814329023809602378,06352930405765593087,,,,
175,cec6bd54-0384-43a7-b6ce-b7c9d8d93391,+61297871344,,,Office Contact,,-,2026-02-18 12:38:03,Saab And Saunders,,saab-saunders.com.au,6540384437679893391,51955629501963654435800,,,,
176,ce8867e0-9c7f-439c-9ef1-3d103d93e83a,+61260331133,admin@kilara.com.au,,Office Contact,,-,2026-02-18 12:38:03,Kilara,,kilara.com.au,88670974399131039383,36335051835357,,,,
177,ce07ebc9-ab16-4614-848e-701d7f88a38c,+61296868166,financialplanning@mtwo.net.au,,,,-,2026-02-18 12:38:03,Amruta Shah Certified Financial Planner with Mtwo Accounting,,mtwofp.com.au,07916461484870178838,4015775587831114198560,,,,
178,21a340db-0781-40f6-a1fa-a13f613d70e2,+61280645362,,,Office Contact,,-,2026-02-18 12:38:03,Catalyst Financial,,catalystfin.com.au,213400781406113613702,571956752095712312696,,,,
179,cde4bba5-52f1-461e-b044-4cf88e199d51,+61266598900,info@advantageplustax.com.au,,Office Contact,,-,2026-02-18 12:38:03,Advantage Plus Tax And Business Solutions,,advantageplustax.com.au,4552146104448819951,61431225865949457351,,,,
180,cdd5c5e7-2549-425e-978e-9367e7ee0c9d,+611300074074,admin@tidballaccountancy.com.au,,Office Contact,,-,2026-02-18 12:38:03,Tidball Accountancy,,tidballaccountancy.com.au,55725494259789367709,063071715887162515975,,,,
181,cdcea62e-5b79-49f5-9235-1a1b2a2b8505,+61242265333,scowan@wollongongtaxservices.com.au,,Office Contact,,-,2026-02-18 12:38:03,Wollongong Taxation Services Michele Dunn,,wollongongtaxservices.com.au,62579495923511228505,62569371581822025323254,,,,
182,cd6e61e4-5b0c-4b11-a839-35da07e1ac9d,+61295572315,,,Office Contact,,-,2026-02-18 12:38:03,Enhance Mortgage And Tax Solutions Pty,,enhancetax.com.au,661450411839350719,21467955108458715835,,,,
183,cd1f38de-d643-447f-a8b6-8403991b1354,+61740511665,info.te@allacats.com.au,,Office Contact,,-,2026-02-18 12:38:02,Competitive Professional Accounting,,competitiveaccounting.com.au,1386434478684039911354,6413023595484097670075,"Competitive Professional Accounting specialises in providing its clients with personalised service, which is competitively priced and professionally delivered. Services range from your personal tax and accounting needs, to corporate planning, advice and business consultations.",,,
184,3236e8ae-4a5f-4b27-875b-61b339213f8b,+611300189680,info@taxsolutionsgroup.com.au,,Office Contact,,-,2026-02-18 12:38:02,Tax Solutions,,taxsolutionsgroup.com.au,3236845427875613392138,1467351155878702660322,,,,
185,cceed57a-106b-41f8-9d7c-d054db3c1ce7,+61296800131,stanley@cwaf.com.au,,Office Contact,,-,2026-02-18 12:38:02,Citywest Accountants,,cwaf.com.au,5710641897054317,744523571699133943,,,,
186,ccdcda50-f1e3-410c-9d21-21c1c1b831cf,+61261907828,lukasz@acttaxgroup.com.au,,Lukasz KlekowskiPRINCIPAL &amp; REGISTERED TAX AGENT,,-,2026-02-18 12:38:02,Moruya,,acttaxgroup.com.au,50134109212111831,0096277055492709566077,"ACT Tax Group provides accounting, bookkeeping and payroll services for small businesses and individuals in Canberra and NSW.",,,
187,cc96df46-e61c-4731-8457-16c9078c2e5c,+611300319385,,,Office Contact,,-,2026-02-18 12:38:02,Robin Raju Associates,,robinrajuassociates.com,9646614731845716907825,1816554960732069,,,,
188,cc7b39f5-9094-4fcf-ba5d-989519bc2b1a,+61288340720,evan.orourke@ctsagroup.com.au,,,,-,2026-02-18 12:38:02,Ctsa Group,,ctsagroup.com.au,739590944598951921,194815193968357411,,,,
189,cc6ffb30-4497-4e42-956e-5ff2d728d541,+61298083736,info@rydeaccounting.net.au,,Office Contact,,-,2026-02-18 12:38:02,Ryde Accounting,,rydeaccounting.net.au,630449744295652728541,109886101578486254083176,,,,
190,cc229e62-4601-4792-9f61-b2ea4be32200,+61266225877,admin@biztax.com.au,,Office Contact,,-,2026-02-18 12:38:02,Biztax Services,,biztax.com.au,22962460147929612432200,007268758929410103,,,,
191,cc1b6a2f-de5d-4565-b5a9-da120d164a8d,+61262574144,info@bonsella.com.au,,Office Contact,,-,2026-02-18 12:38:02,Bonsella,,bonsella.com.au,16254565591201648,917932428549893547573,,,,
192,cbc063c1-b75d-4ed5-a269-65966bccc110,+61266890470,enquiries@nrtbs.com.au,,Office Contact,,-,2026-02-18 12:38:02,Northern Rivers Taxation and Business Services,,nrtbs.com.au,0631754526965966110,028752556532590370200,"Northern Rivers Taxation &amp; Business Services is a Chartered Accounting firm with over 20 years of experience in tax, accounting and finance. We are your trusted advisor and strategic business partner for all your taxation and business needs.",,,
193,cacee88a-a2cb-4ae8-b21f-2acd8db7af09,+61297233815,,,Office Contact,,-,2026-02-18 12:38:02,Taxblock,,taxblock.com.au,882482128709,0264453910914549,,,,
194,ca9fe5ec-4d02-4e5e-bc89-ce7269dc7958,+61243419000,info@hcpartners.com.au,,"Director, CA",,-,2026-02-18 12:38:02,Paul Booth Services Pty,,hcpartners.com.au,95402458972697958,979734846384551071321555616603,,,,
195,ca3f98ed-6ae0-4487-8c18-aa414089e473,+61243257519,admin@coastalacc.com.au,,Office Contact,,-,2026-02-18 12:38:02,Coastal Accounting Services,,coastalacc.com.au,398604487818414089473,944225852327025437,,,,
196,c988b8ba-68b7-4cd4-8e18-ca76ae6f7677,+611300406382,info@business-adviser.com.au,,Office Contact,,-,2026-02-18 12:38:02,Business Adviser,,business-adviser.com.au,9888687448187667677,5834620515168222690,,,,
197,c971620e-58a1-4fa7-ae53-6438a057ce9a,+61268283663,,,Office Contact,,-,2026-02-18 12:38:02,Carrigan,,carriganandco.com.au,971620581475364380579,6042159851849770,,,,
198,c85fb7b8-c0da-4650-807d-f750c954139e,+611800774438,,,Office Contact,,-,2026-02-18 12:38:02,Supershift Iq,,supershiftiq.com.au,857804650807750954139,295459683515913130719747,SuperShift IQ is passionate about SMSFs. Our team is backed by SMSF experts with over 35 years of industry experience in SMSF strategy and accounting.,,,
199,c7ce272c-3fec-4bba-b9db-96cec6e53f0a,+61243656552,,,Office Contact,,-,2026-02-18 12:38:02,Phil Thomas and Associates,,philthomas.com.au,7272349966530,162924433956383535303788,,,,
200,c771104b-ccb3-4873-979d-32f5a0ee11bf,+61863802856,enquiries@denisegriffiths.com.au,,"Owner / Principal, Denise Griffiths Business Services (CPA Practice)",,-,2026-02-18 12:38:02,Denise Griffiths Business Services,,denisegriffiths.com.au,77110434873979325011,7013305297029570,,,,
201,c7547904-a823-4e53-ac29-5d132218233b,+61296287749,admin@reflexiveaccounting.com.au,,Office Contact,,-,2026-02-18 12:38:02,Reflexive Accounting Services,,reflexiveaccounting.com.au,7547904823453295132218233,7479072205237189835348,"We are an accounting practice that provides accounting, bookkeeping, payroll, and taxation services. If you are looking for a tax accountant, we can assist you with:",,,
202,c7194e9e-2193-4e03-bd26-2607bfe0b001,+61291956699,info@blueribbontax.com.au,,Office Contact,,-,2026-02-18 12:38:01,Blue Ribbon Tax And Advisory,,blueribbontax.com.au,7194921934032626070001,993645620767662699,,,,
203,c6d10f64-aa7b-4c4c-92c5-74a4177080c7,+61296435557,admin@doalytaxation.com,,Office Contact,,-,2026-02-18 12:38:00,Doaly Taxation,,doalytaxation.com,610647449257441770807,136865789789357448,,,,
204,c6b84cca-2aa1-4863-8090-61c7a17ebe43,+61881279655,,,Office Contact,,-,2026-02-18 12:38:00,Taxology Group,,taxology.com.au,68421486380906171743,16369825628063457,,,,
205,c691262c-bc77-4ce1-ae48-0f8f58b0d924,+61240461000,,,Office Contact,,-,2026-02-18 12:38:00,Balanced Beans,,balancedbeans.com.au,69126277414808580924,708824735919740133,"Balanced Beans is an Accounting &amp; Bookkeeping practice. We help Hunter Valley start-ups and SMEs with Payroll, BAS, Tax and Accountancy.",,,
206,c644e772-578c-4050-aed4-63aa7405d037,+61294113377,enquiries@oaic.gov.au,,Office Contact,,-,2026-02-18 12:37:59,Mandala Pro Accounting Firm Pty,,mandalaprofirm.com.au,64477257840504637405037,93151505798405428330,,,,
207,c5d5eac6-296e-45a2-9e86-518b265e92a4,+61280045823,,,Office Contact,,-,2026-02-18 12:37:59,Mansfield Partners,,mansfieldpartners.com.au,556296452986518265924,27863128352560112973131,,,,
208,c5cb11ad-962f-45d0-b830-9b2762f6309c,+61247223370,ca@wittenpartners.com.au,,,,-,2026-02-18 12:37:59,Vcta Partners Accounting Services Penrith,,wittenpartners.com.au,511962450830927626309,3197176504429191751,,,,
209,c48c798c-0b5d-46cf-b4e5-1d1356b1aac3,+61294400644,samail@soutaraccountants.com.au,,Office Contact,,-,2026-02-18 12:37:59,Soutar Accountants Pty,,soutaraccountants.com.au,487980546451135613,9054613159373573,,,,
210,c44dae87-3de1-497e-a7ee-084178a4c9f0,+611300370653,,,Office Contact,,-,2026-02-18 12:37:59,Registrations Australia Wide,,registrationsaustralia.com.au,4487314977084178490,370643827452886689274,,,,
211,c43551ff-9c62-417f-a398-d8de5aea1068,+61732175700,,,Office Contact,,-,2026-02-18 12:37:59,P+Y Accountants,,py.com.au,43551962417398851068,71506505928047770670436,,,,
212,c3ede5c6-f37f-4b30-bb88-e2eae624c6b6,+61292237848,maurice@vasin.com.au,,Office Contact,,-,2026-02-18 12:37:59,Vasin Accountants,,vasin.com.au,3563743088262466,1164175530344343473,,,,
213,c3c6308e-9e31-497b-8032-9d4147ab892d,+61293712150,info@gmpp.com.au,,Office Contact,,-,2026-02-18 12:37:59,Gmp Partners,,gmpp.com.au,36308931497803294147892,070471590283274657811,,,,
214,c398452d-69c6-403f-ab51-b00a6eb1131f,+61296357433,reception@ctla.com.au,,Office Contact,,-,2026-02-18 12:37:59,Confederal Tax Law Pty,,ctla.com.au,398452696403510061131,1134499950803871933,,,,
215,c345ffba-b735-4634-b428-d8846dbcebfe,+61280060777,,,Office Contact,,-,2026-02-18 12:37:59,Stockburger Solutions,,stockburger.xyz,34573546344288846,5486830759069502034,,,,
216,c33fb710-e37d-4663-84ad-103348e6b45a,+611300347952,,,Office Contact,,-,2026-02-18 12:37:59,Hunt Strategic Advisors,,huntstrategicadvisors.com.au,3371037466384103348645,6239386815018764603071,,,,
217,c2b18f72-a969-4afa-8f94-1a16abc1087a,+61741525133,info@rochdale.me,,Director,,-,2026-02-18 12:37:59,Rochdale Accounting and Advisory,,rochdaleadvisory.com.au,2187296948941161087,1488055835784619459824,,,,
218,c2488681-d1a1-4666-994b-512c2ce24d13,+61398489811,admin@scmfg.com.au,,Neil McKissock,,-,2026-02-18 12:37:59,Scm Financial Group,,scmfg.com.au,248868111466699451222413,486568523967485495,,,,
219,c2090cee-9c03-4f38-883f-39cb816274f9,+61267667366,toby@mjtpartners.com.au,,Principal,,-,2026-02-18 12:37:59,Mjt Partners,,mjtpartners.com.au,2090903438883398162749,53533295284528066816,Home - MJT Partners,,,
220,c13efb6b-0112-4e8e-b784-d6150468f43e,+61292525300,info@bdhl.com.au,,Principal,,-,2026-02-18 12:37:59,Bdh Leaders,,bdhleaders.com.au,136011248784615046843,82136853079582,,,,
221,c13d34d7-8c2f-447d-a845-a4794f12f9f9,+61249530070,blair@wppartners.com.au,,Office Contact,,-,2026-02-18 12:37:59,Wp Partners Chartered Accountants,,wppartners.com.au,133478244784547941299,84818651699925417,,,,
222,c0f0f22c-55ad-48ab-8a1c-30a4a1cff7a6,+61292004500,dpham@dfkrichardhill.com.au,,Office Contact,,-,2026-02-18 12:37:59,Dfk Richard Hill,,dfkrichardhill.com.au,0022554881304176,4486302538421341436,,,,
223,c0383afc-54c0-4044-94e8-c5430d446410,+61298999211,,,Office Contact,,-,2026-02-18 12:37:59,Leslie Nagy And Associates,,leslienagyandassociates.com.au,038354040449485430446410,918327565793807815117,,,,
224,bfe64588-bd29-4c5a-8a59-bef93499e1cf,+61266528522,,,Office Contact,,-,2026-02-18 12:37:59,Bartlett Accounting,,bartlettaccounting.com.au,645882945859934991,14639045563002077926,,,,
225,bfbdab9c-63cb-4788-8abd-7091fb828376,+61295312344,,,Office Contact,,-,2026-02-18 12:37:59,Glenn Hughes And Associates Pty,,ghaccountants.com.au,963478887091828376,819581585411731714,,,,
226,bfbbe213-c4f6-426d-8b65-7e1681f7aa3b,+61272019914,grow@edenexperts.com.au,,,,-,2026-02-18 12:37:59,Eden Experts,,edenexperts.com.au,213464268657168173,10370015658157299,,,,
227,bf4194f8-7051-43ec-b015-a3e82e4f7b26,+61249849707,info@smcadvisers.com.au,,Office Contact,,-,2026-02-18 12:37:59,Smc Advisers,,smcadvisers.com.au,419487051430153824726,44739971570956219867910,,,,
228,bec5267b-63eb-4a24-bb8b-72c7288eab1f,+61292671880,,,Office Contact,,-,2026-02-18 12:37:59,The Taxmaster Group,,the-taxmastergroup.com.au,52676342487272881,878236395836582543629,,,,
229,be7f843b-f3b8-4dac-a090-b6f1d1fe23a7,+61295203536,info@adambrayaccounting.com.au,,Office Contact,,-,2026-02-18 12:37:59,Adam Bray and Associates,,adambrayandassociates.com.au,7843384090611237,1520226863556933386748888,,,,
230,bdb508ee-bd83-4390-9891-85bf9b45b968,+61247314211,,,Office Contact,,-,2026-02-18 12:37:59,Mclean Charge Partners,,mcleancharge.com.au,508834390989185945968,36127995797900056005,,,,
231,bda8f74c-2155-4993-9f99-cb21d5b20a23,+61393505747,admin@taxequity.com.au,,Office Contact,,-,2026-02-18 12:37:59,Tax Equity,,taxequity.com.au,874215549939992152023,3643071565031460,,,,
232,bd6738d8-9e67-4aa5-a5ba-4d67d16743f5,+61299974000,gxxxxxxxxxxxxxn@jjnaccounting.com.au,,Office Contact,,-,2026-02-18 12:37:59,Jjn Associates,,jjnaccounting.com.au,67388967455467167435,06488515137928172628192,,,,
233,bd611dd7-4560-431a-ad63-339c651bf7bd,+61297630488,,,Office Contact,,-,2026-02-18 12:37:59,Business Consulting House,,bchouse.com.au,61174560431633396517,5310020605399846208429,,,,
234,bcb1d581-1896-446b-9332-c7274b72f066,+61888922039,,,Office Contact,,-,2026-02-18 12:37:59,Jpg Accountancy and Advising,,accountantsydney.com,158118964469332727472066,61715125161105959144,,,,
235,bc22fa30-88ac-4c33-8637-99730bf79ec8,+61296831566,enquiries@leealexander.com.au,,Office Contact,,-,2026-02-18 12:37:58,Lee And Alexander,,leealexander.com.au,223088433863799730798,7113615928597715254,,,,
236,bc0ddfb2-4793-4acc-975c-45de86748148,+61280659164,,,Office Contact,,-,2026-02-18 12:37:58,Savva And Roubis,,savvaroubis.com.au,02479349754586748148,3157359607519960018902251,,,,
237,bb9ea424-d67e-4e2f-a344-275a6e4c6097,+611300595155,,,Office Contact,,-,2026-02-18 12:37:58,Numerix Accounting,,numerixaccounting.com.au,94246742344275646097,7741975689899263171190,"Professional Accounting &amp; Bookkeeping Services in Sydney – Trusted accountants helping businesses with BAS, payroll, tax returns, and financial reporting. Accurate, affordable, and on time.",,,
238,baecd5c6-a201-45f2-8a14-bb4b9588a0bf,+61280185764,ask@lucentor.com.au,,Hitomi Shimizu,,-,2026-02-18 12:37:58,Lucentor Chartered Accountant Tax Agent,,lucentor.com.au,56201452814495880,361827511970184678844,,,,
239,ba4ed7d9-0abc-48d7-bf37-351d49e56672,+61749956366,contact@aayfinancial.com.au,,Director/Accountant,,-,2026-02-18 12:37:58,Accounting And You Financial Services Pty,,aayfinancial.com.au,4790487373514956672,7000197415233376561710,,,,
240,ba39ac4f-39df-4146-96bd-8de7a73abd6c,+61260418222,,,Office Contact,,-,2026-02-18 12:37:58,Miller And Partners Chartered Accountants,,mpacc.com.au,3943941469687736,2815409256170192288,,,,
241,b9fa4bf7-e484-4cf8-9430-93061e455aba,+61243651717,,,Office Contact,,-,2026-02-18 12:37:58,Accounting Advisor,,accountingadvisor.com.au,94748448943093061455,015920751985154823,,,,
242,b9287a56-89ae-4cd6-a8bf-38835d3f3c04,+61287103817,info@masterm.com.au,,Office Contact,,-,2026-02-18 12:37:58,Tax Mastermind,,taxmastermind.com.au,92875689468388353304,54156251919630681436,,,,
243,b89f4353-3c8f-4588-a4f9-1ff5eacdbc03,+61296483668,,,Office Contact,,-,2026-02-18 12:37:58,Iezy Business Accountants,,iezyaccounting.com.au,894353384588491503,9553758235490458,,,,
244,b7843904-5302-4162-9102-27ee2959d642,+61245783855,,,Office Contact,,-,2026-02-18 12:37:58,Mtwo Accounting Partners,,mtwo.net.au,7843904530241629102272959642,730771605657117551310,,,,
245,b72de255-31ae-4dc9-b690-9fea5c8319d4,+61290624102,peter@aasolutions.net.au,,,,-,2026-02-18 12:37:58,Accounting and Adviser Services,,aasolutions.net.au,7225531496909583194,913745695533816,,,,
246,b6ba10eb-7d4f-47c5-974c-866b27a495d0,+61249561640,reception@gcaccountants.com.au,,Our People,,-,2026-02-18 12:37:58,Gc Accountants,,gcaccountants.com.au,61074475974866274950,95196955327687428846704,,,,
247,b66a1568-af6f-4a96-8701-5387ff9d99c5,+61287985845,info@harryaccounting.com.au,,Office Contact,,-,2026-02-18 12:37:58,Harry Accounting And Taxation Services,,harryaccounting.com.au,6615686496870153879995,938572558817094598,,,,
248,b651ca99-2551-4f44-949d-985db9c2abcc,+61297631628,info@sutherlandtse.com.au,,Office Contact,,-,2026-02-18 12:37:58,Sutherland Tse And Co Pty,,sutherlandtse.com.au,65199255144494998592,04499032052892764048081,,,,
249,b64ff73e-012c-45f9-8f1f-a941b3509769,+61299592238,info@aefinancials.com.au,,Office Contact,,-,2026-02-18 12:37:58,Abundance Empowered Financial Solutions,,aefinancials.com.au,6473012459819413509769,246770520589192856379,Enterprise Financial Strategies help individuals freelancers and small businesses gain clarity through tax accounting and strategic advice.,,,
250,b61df8c4-87b5-462b-9732-a8d7c04013a4,+61299778076,accounting@austinspeters.com.au,,,,-,2026-02-18 12:37:58,Austins Peters Financial Group,,austinspeters.com.au,6184875462973287040134,932435047336554521,,,,
251,b57f4388-3bb3-4251-bfeb-7947ba0cb03b,+61752308249,clients@venusaccountants.com.au,,,,-,2026-02-18 12:37:58,Venus Accountants,,venusaccountants.com.au,5743883342517947003,72759685766766741569009,,,,
252,b5389f93-e3f7-455c-9b58-df98b8840b0f,+611300724608,,,Office Contact,,-,2026-02-18 12:37:58,Rto Accountants,,rtoaccountants.com.au,538993374559589888400,43944062857549526996904,,,,
253,b50e05ef-3f16-4443-9099-a0b25d594caf,+61278069875,meritconnect@gmail.com,,Office Contact,,-,2026-02-18 12:37:58,Merit Accounting Services,,meritaccounting.com.au,500531644439099025594,2543405749622635857,,,,
254,b4dc762d-c867-491f-9367-548f0026e4fc,+61291714604,,,Office Contact,,-,2026-02-18 12:37:58,Generis Group,,generisgroup.com.au,4762867491936754800264,8617853509377786156,"Generis Group Accountants &amp; Advisors | Income tax, GST/BAS, bookkeeping, self-managed superannuation, advisory and audit services",,,
255,b49b88e4-6c64-4045-997e-e73d9ed0a29b,+61296085561,info@hassantaxation.com.au,,Office Contact,,-,2026-02-18 12:37:58,Hassan Accounting And Taxation Services,,hassantaxation.com.au,498846644045997739029,619526993082415740,,,,
256,b4671185-be6d-45b6-a7c6-59e81f48ccf5,+61282160829,gerard@yourtaxaccountant.com.au,,Office Contact,,-,2026-02-18 12:37:58,Yourtaxaccountant,,yourtaxaccountant.com.au,46711856456765981485,979238569974902843,,,,
257,b40c06e0-28da-4fcd-8f14-bba8d77a2dc7,+61242288100,info@arcstone.com.au,,Office Contact,,-,2026-02-18 12:37:58,Arcstone Financial Services,,arcstone.com.au,4006028481487727,95748620654680628667366,,,,
258,b3f988a5-76a4-4f03-8acd-96180f738267,+61243696500,,,Office Contact,,-,2026-02-18 12:37:58,Lavery Hamilton,,laveryhamilton.com,39885764403896180738267,8469672529965269675,,,,
259,b3c7300d-78a8-4f26-b68c-814cbf49c4a0,+61246558494,,,Office Contact,,-,2026-02-18 12:37:58,Leslie M Coulcher,,coulcher.com.au,37300788426688144940,7081648512098829846957,,,,
260,b3c45335-9549-430d-990a-fa45b2409ee6,+61272057833,arvind@apaccountax.com.au,,,,-,2026-02-18 12:37:58,Ap Accountax Services,,apaccountax.com.au,34533595494309904524096,32705448360251013,,,,
261,b3aade85-e3cc-442b-a145-027737602397,+61242842414,,,Office Contact,,-,2026-02-18 12:37:58,Ibw Accounting,,ibwaccounting.com.au,3853442145027737602397,1280591979553329,,,,
262,b364f751-f797-4708-992c-bd1ee1dd692a,+61289698660,info@signorca.com.au,,Office Contact,,-,2026-02-18 12:37:58,Aitken Signor Chartered Accountants,,signorca.com.au,364751797470899211692,540405585695833868523002,,,,
263,b2ed1e72-d691-4757-8bd4-cc2d9378e382,+61266622266,info@mulherinschier.com.au,,Office Contact,,-,2026-02-18 12:37:58,Mulherin Schier Chartered Accountants Damian Mulherin,,mulherinschier.com.au,217269147578429378382,49310352275664,,,,
264,b2c22079-c9be-43ca-a2f1-6aa245071a13,+611800327978,enquiry@smsfconsulting.com.au,,Office Contact,,-,2026-02-18 12:37:58,Easy Super,,smsfconsulting.com.au,22207994321624507113,59920548322886365,,,,
265,b2b1f279-71e7-4cb6-9ac0-97b740b885b5,+61265624314,tbrenton@brentonaccounting.com.au,,Office Contact,,-,2026-02-18 12:37:58,Brenton Accounting Services,,brentonaccounting.com.au,212797174690977408855,99295533538257058526404,,,,
266,b2512dce-3085-46cb-80e7-8eac5b10f68f,+61291607457,,,Office Contact,,-,2026-02-18 12:37:57,Apricity Business Services,,apricitybusinessservices.com.au,2512308546807851068,569550949560922167,,,,
267,b1bf9172-6cc7-445b-ac70-90229f503496,+61267461339,,,Office Contact,,-,2026-02-18 12:37:57,Tm Cohen Chartered Accountants,,tmcohen.com.au,19172674457090229503496,5167373450589990239081,,,,
268,b103ee17-b500-4c3f-a81b-1178d1c57680,+61249060967,accounts@novatax.com.au,,Office Contact,,-,2026-02-18 12:37:57,Nova Tax Advisory,,novatax.com.au,1031750043811178157680,6574495978738,,,,
269,637d1578-5b99-4a99-8f64-5e0dfefb1a3b,+61249336888,,,Office Contact,,-,2026-02-18 12:37:57,Bottrell Ndis Specialist,,ndisbusiness.com.au,63715785994998645013,528583528630205,,,,
270,b02873e4-578e-4088-906f-dc3182659503,+61286058651,nsk@targetaccountants.net.au,,Office Contact,,-,2026-02-18 12:37:57,Target Accountants,,targetaccountants.net.au,02873457840889063182659503,6918573538455316815,,,,
271,afc2a744-7370-4eb3-a163-27e95e886aa1,+61242284448,mjs@santalab.com.au,,Office Contact,,-,2026-02-18 12:37:57,Santalab Accountants,,santalab.com.au,274473704316327958861,250456826801581,,,,
272,af91ca70-e7a7-4a36-814c-adc0a252f7d5,+61731246272,support@abcis.com.au,,Office Contact,,-,2026-02-18 12:37:57,Ozbiz Solutions Pty,,ozbizsolutions.com.au,917077436814025275,89072892536271529490,,,,
273,af697b19-19cb-42ff-a076-d7468a180e49,+61296146633,,,Office Contact,,-,2026-02-18 12:37:57,Adm Accountants,,admaccountants.com.au,697191942076746818049,90981300125341339888358297,,,,
274,af572fff-4cb9-47d9-88e0-f6a7410a933e,+61292215755,,,Office Contact,,-,2026-02-18 12:37:57,Corporate Management Services,,cmshk.com,5724947988067410933,82593660542965821340855,,,,
275,af2714f1-71d1-43f1-bf3b-6a5814e4c829,+61287611229,enquiry@atsaccounting.com.au,,Office Contact,,-,2026-02-18 12:37:57,Ats Accounting,,atsaccounting.com.au,271417114313658144829,41475927895374957926,,,,
276,aee27f2b-67ae-486f-a20c-353f4cb04005,+61284040567,9388info@rbcaccountants.com.au,,,,-,2026-02-18 12:37:57,Robert Bates,,rbcaccountants.com.au,2726748620353404005,8581038965817958645607587873,,,,
277,ae00b7a6-2361-4632-9b1b-b9c0aa2b3ec9,+61247083077,enquiries@alliancetaxation.com.au,,Office Contact,,-,2026-02-18 12:37:57,Alliance Taxation Australia,,alliancetaxation.com.au,0076236146329190239,92962474445239518707237563,,,,
278,adde2bd5-b9f6-41e5-9768-9715ef68b48f,+61287511319,info@ambitionaccounting.com.au,,Office Contact,,-,2026-02-18 12:37:57,Ambition Accounting,,ambitionaccounting.com.au,2596415976897156848,04076497256657927877036,,,,
279,add589ec-5ea3-48f9-95cc-099575e15698,+61243221044,reception@figtreemoran.com.au,,Office Contact,,-,2026-02-18 12:37:57,Figtree,,figtreemoran.com.au,589534899509957515698,055367155718274802365,,,,
280,adcfca56-cc35-4269-bc3c-e02b1791b2c5,+61296870777,tax@abletax.com.au,,,,-,2026-02-18 12:37:57,Able Accounting and Taxation Services,,abletax.com.au,56354269302179125,941284655181864510,"Able Accounting &amp; Taxation Services provides expert Australian taxation and accounting services for individuals and small businesses. Navigate tax with confidence through our personalised, professional approach.",,,
281,ad7e3969-1936-4b3b-a7b8-d3606f956f87,+61298919311,,,Office Contact,,-,2026-02-18 12:37:57,Oehlers and Company,,oehlers.com.au,7396919364378360695687,1246742955397353276153,,,,
282,ad7c342a-85e4-426d-b08d-ec34765a26b0,+611800929192,admin@lodged.au,,Office Contact,,-,2026-02-18 12:37:57,Lodged Tax and Business Accountants,,lodged.au,73428544260834765260,0319049955422073411152,,,,
283,ad537aa9-652c-4fcf-a240-ab934a1b403f,+61291371001,sydneyhello@avate.com.au,,,,-,2026-02-18 12:37:57,Strik And,,avate.com.au,537965242409341403,98750887365486765112179,,,,
284,ad0991a2-52b8-4f14-b047-94351af1521f,+61283795700,admin@jdadvisory.com.au,,Office Contact,,-,2026-02-18 12:37:57,Jd Advisory Group Pty,,jdadvisory.com.au,09912528414047943511521,4036256291700967659,,,,
285,acf20612-99e1-47a7-baed-31822fca5a09,+61293895018,daniel@danielfleischer.com.au,,Tax Agent,,-,2026-02-18 12:37:57,Daniel Fleischer,,danielfleischer.com.au,2061299147731822509,608293758692247935187313,,,,
286,acedf56e-0fd1-46a8-9301-36076148ca58,+61265849681,9681info@mjsaccounting.com.au,,,,-,2026-02-18 12:37:57,Sprague and Associates,,mjsaccounting.com.au,560146893013607614858,36805554158409441,,,,
287,aca72a78-927a-4616-b35f-419a7482d7a6,+61299705267,,,Office Contact,,-,2026-02-18 12:37:57,Northern Beaches Accountants,,northernbeachesaccountants.com.au,7278927461635419748276,9595742519623516197,,,,
288,ac3c0dc8-d86e-4f46-9891-0790f6909a5e,+61299863200,,,Office Contact,,-,2026-02-18 12:37:57,Sachs Philip and Associates,,psassociates.com.au,308864469891079069095,130585835280662454533,,,,
289,ac1f3475-c891-4b69-95b5-35d2e834bb33,+61299394004,info@taxland.com.au,,Office Contact,,-,2026-02-18 12:37:57,Taxland,,taxland.com.au,1347589146995535283433,766226755192128294919,,,,
290,abbae850-63e2-4944-ab5e-62b8640fce88,+61288101207,support@myetax.com.au,,Office Contact,,-,2026-02-18 12:37:57,My Etax and Eaccounting Services,,myetax.com.au,8506324944562864088,95563554981647741,,,,
291,ab49f2de-014f-46c5-8dca-03a0e0fef23d,+61245776644,,,Office Contact,,-,2026-02-18 12:37:57,Chalker Accountants,,chalkerca.accessibleconsult.com,4920144658030023,97234555959317075912,,,,
292,aafd0596-c3dc-4fee-b4df-99ee7207784b,+61755248411,,,Office Contact,,-,2026-02-18 12:37:57,Altum Group Accounting,,altumgroup.com.au,0596344997207784,5359669775218843497,,,,
293,aadf1c99-54c8-47fa-88ee-bdf7cd3c7348,+61288964353,,,Office Contact,,-,2026-02-18 12:37:57,Eternity Group Accountants,,eternitygroupaccounting.com.au,1995484788737348,8043996655740851502452,,,,
294,aa940d4f-6664-42a2-bc1f-045b100f5e05,+61286775742,admin@theultimateaccountants.com.au,,Office Contact,,-,2026-02-18 12:37:57,The Ultimate Accountants,,theultimateaccountants.com.au,940466644221045100505,68899808549972543,,,,
295,aa90e7a6-3d24-49af-b686-7f6420d3d8e8,+61263726007,suzette@sbamudgee.com.au,,,,-,2026-02-18 12:37:56,Suzette Bagnell Accounting,,sbamudgee.com.au,90763244968676420388,94588117485849065392535,,,,
296,aa444df5-b68a-4183-9ebf-1f232db1d1b1,+61295252354,tax@powefin.com.au,,,,-,2026-02-18 12:37:56,Trident Accounting,,tridentaccounting.com.au,444568418391232111,97639566598815011052,"Trident Accounting in Miranda, NSW offers expert tax, BAS, bookkeeping, and business setup services. Trusted local accountants for individuals and businesses.",,,
297,a9cef988-22df-4462-9822-b2c9203a9ef4,+61386586630,accounts@pvpaccounting.com.au,,,,-,2026-02-18 12:37:56,Pvp Accounting,,pvpaccounting.com.au,998822446298222920394,74485772207521987382125,,,,
298,a97b2c6c-a4ed-424c-a647-bc3d9bdad949,+61290433932,%20frankm@modeaccounts.com.au,,SENIOR ACCOUNTANT,,-,2026-02-18 12:37:56,Mode Accounting Services,,modeaccounts.com.au,9726442464739949,08752793586091476953,,,,
299,a96a208e-d249-44a9-947d-fed39bd8e1c2,+61292648800,,,Office Contact,,-,2026-02-18 12:37:56,Castrisos Kanaris And,,castrisoskanaris.com.au,9620824944994739812,1449353385285371430098,,,,
300,a9416a4b-318c-4f4c-a05d-d71df0ea0ad6,+61293138806,admin@sawires.com.au,,Office Contact,,-,2026-02-18 12:37:56,Sawires + Co Tax Accountants,,sawires.com.au,94164318440571006,20228842580840737416,,,,
301,a8bd5e6e-67b7-4267-b48c-82920ae5b4cb,+61263315305,admin@oabs.com.au,,Office Contact,,-,2026-02-18 12:37:56,Oconnor Accounting and Business Services,,oabs.com.au,8566774267488292054,068922598512799999920363,,,,
302,a83e7f4e-5352-44c5-8ccf-dab31e6dc44b,+61282808700,,,Office Contact,,-,2026-02-18 12:37:56,Dueo Chartered Accountants,,dueo.com.au,83745352445831644,25757530138662,,,,
303,a7619466-1d7b-4f89-adba-9e1375a8ad3c,+61299604144,ralph@merrell.com.au,,Office Contact,,-,2026-02-18 12:37:56,Merrell Associates,,merrell.com.au,7619466174899137583,03219225971005936546,,,,
304,a7214557-8de5-4f17-ad20-bf36be80f360,+61362007687,admin@a2zaccountants.com.au,,Office Contact,,-,2026-02-18 12:37:56,A2Z Accountants Pty,,a2zaccountants.com.au,721455785417203680360,95263542792905544798,,,,
305,a720af05-fa0f-42b9-be5c-7e53fde16476,+61290001211,steven@hdqaccountants.com.au,,Enquire Online,,-,2026-02-18 12:37:56,Hdq Chartered Accountants,,hdqaccountants.com.au,720050429575316476,802794635367692593911,,,,
306,a7084e39-f3b4-483a-aace-ef8a10fca4f1,+61293407201,,,Office Contact,,-,2026-02-18 12:37:56,Olson And Associates,,olson.com.au,7084393448381041,1481388531110533140270,,,,
307,a702117e-d7d8-487d-8096-ce02b3dae404,+61280950535,admin@randsaccountants.com.au,,Office Contact,,-,2026-02-18 12:37:56,R and S Accountants,,randsaccountants.com.au,702117784878096023404,084802257281940408,,,,
308,a6a586e3-d076-41a0-8685-c9a0c2f88fb4,+61299486934,,,Office Contact,,-,2026-02-18 12:37:56,Ken Carlon CPA,,kencarlon.com.au,658630764108685902884,3843016582975474532829,,,,
309,a6455eb3-925f-4df8-9769-e54210778881,+61299608888,,,Office Contact,,-,2026-02-18 12:37:56,Wendy Brown Chartered Accountant,,brownca.com.au,6455392548976954210778881,482152567996530658,,,,
310,a5992380-d3da-47ff-a00e-0806f654e09a,+61292690266,,,Office Contact,,-,2026-02-18 12:37:56,Abl Accounting And Taxation,,ablaccountingandtax.com.au,599238034700080665409,84634954820104035577,,,,
311,a5432fca-6857-45bc-872e-cfffdef2c7f6,+61297554800,,,Office Contact,,-,2026-02-18 12:37:56,Kaa Accounting and Taxation Services,,kaa-group.com,5432685745872276,0606495385916009745849,,,,
312,a52d7084-7d4b-4dc9-81ea-ddf46441eea9,+61298740798,,,Office Contact,,-,2026-02-18 12:37:56,Olsen and Partners,,olsenpartners.com.au,527084744981464419,2898553860437521,,,,
313,a523c5dd-0bf6-4e3f-89c7-6b203e7ef425,+611300133244,,,Office Contact,,-,2026-02-18 12:37:56,Doctors Tax Bankstown,,doctorstax.com.au,5235064389762037425,1737625892983627526,,,,
314,a4c0b933-858d-4159-b51e-099d8256eb6f,+611300912196,,,Office Contact,,-,2026-02-18 12:37:56,Bvm Accountants And Business Consultants,,bvmaccountants.com.au,4093385841595109982566,81512885199536799,"With our extensive experience and tailor-made strategic initiatives, we help small and medium-sized businesses increase profitability and efficiency.",,,
315,a4bfefe4-15e1-4266-8450-585349a1e893,+61245786088,asaptax@bigpond.com,,Office Contact,,-,2026-02-18 12:37:56,Asap Accounting and Taxation,,asaptax.com.au,44151426684505853491893,02261355769835113160159,,,,
316,a46cdcf7-77a3-4f88-a052-717ffc86d308,+61295242966,2966info@bpaccountants.com.au,,,,-,2026-02-18 12:37:56,Business Partner Accountants,,bpaccountants.com.au,46777348805271786308,128223595882170586,,,,
317,a448dca7-1c41-40de-9890-a108e45ba461,+61262280831,,,Office Contact,,-,2026-02-18 12:37:56,Numbergroup,,numbergroup.com.au,448714140989010845461,42918506880786518775,,,,
318,a3754f40-8b4c-4295-87b4-100f4523e01e,+61247442061,sean@howellsca.com.au,,Office Contact,,-,2026-02-18 12:37:56,Howells Chartered Accountants,,howellsca.com.au,375440844295874100452301,85852252586993373398425,,,,
319,a31c1b4d-cca4-4506-adf0-93b110afb74f,+61243031076,engage@strategiqadvisory.com.au,,,,-,2026-02-18 12:37:56,Strategiq Advisory,,strategiqba.com.au,31144450609311074,3992215991094301311806,,,,
320,a30d2d20-f241-4a15-89ee-330c449c0c92,+61266622077,,,Office Contact,,-,2026-02-18 12:37:56,Jacqueline Yates Accountant,,jyatesaccounting.com.au,3022024141589330449092,7089780185159181476073087,,,,
321,a2804ecb-0254-478d-83a5-c2bc8758decd,+611300917048,,,Office Contact,,-,2026-02-18 12:37:56,Simply Charter Tax,,sctaxadvisory.com.au,2804025447883528758,6067665563955698410883,,,,
322,a2275c8c-f37c-477f-bf71-beb535dda288,+61243650377,karene@trilogygroup.com.au,,Office Contact,,-,2026-02-18 12:37:56,Trilogy Professional Group,,trilogygroup.com.au,227583747771535288,43823238576861012498,,,,
323,a17bd3af-99a1-4071-8660-149c6e43d086,+61285272568,info@rctaxpartners.com.au,,Office Contact,,-,2026-02-18 12:37:55,Rc Tax Partners,,rctaxpartners.com.au,17399140718660149643086,9263995599937855384,,,,
324,a14369fc-7d99-41d1-84bc-38ec3444ce52,+61285505065,ahmed@coreplex.com.au,,Office Contact,,-,2026-02-18 12:37:55,Coreplex Accountants,,coreplex.com.au,143697994118438344452,01667088528444727667,,,,
325,a0f78791-4f0d-45a8-9991-7e7d7cb87c1e,+61292233300,michael@aats.net.au,,Office Contact,,-,2026-02-18 12:37:55,Australian Accounting And Tax Services,,aats.net.au,078791404589991777871,3988326695873814774194031212,,,,
326,a08f8346-edf5-4d8c-af6b-52c2f8f862a5,+61290563335,,,Office Contact,,-,2026-02-18 12:37:55,Quadpath,,quadpath.com,088346548652288625,168119057485417498107,,,,
327,9fa52e00-5009-4d65-9e6d-2b1f4551ee21,+61272002547,leo.colgar@brighttax.com.au,,Office Contact,,-,2026-02-18 12:37:55,Bright Accounting and Taxation Services,,brighttax.com.au,9520050094659621455121,1009364534595845560211,,,,
328,9f9d425a-e88b-4485-b256-e499390966e6,+61299664499,,,Office Contact,,-,2026-02-18 12:37:55,Alex Whitehead,,whitehead.net.au,994258844852564993909666,5793193995529406781555741,,,,
329,9f989f31-acee-453c-af2e-5fb6ab444a50,+61296837888,,,Office Contact,,-,2026-02-18 12:37:55,Ycg,,ycg.com.au,99893145325644450,95394131157804948195,,,,
330,9f6f314e-b96f-4138-9695-321f3997c4e4,+61265846967,admin@mtaa.net.au,,,,-,2026-02-18 12:37:55,Mikes Tax And Accounting,,mtaa.net.au,963149641389695321399744,8816659145755925608720,,,,
331,9f4bfbb1-4ab9-4153-a2b3-bf28b8a50e76,+61244473893,culburrabeachtax@gmail.com,,,,-,2026-02-18 12:37:55,Culburra Beach Accounting and Tax,,culburrabeachaccountingandtax.site123.me,941494153232885076,1459995098333927792,"Culburra Beach Accounting &amp; Tax - Culburra Beach 
Accounting &amp; Tax",,,
332,9ed9e5f1-a450-4850-abdb-c8f863fc8c9c,+61260327522,myaccountant@potts-schnelle.com.au,,Office Contact,,-,2026-02-18 12:37:55,Potts and Schnelle,,potts-schnelle.com.au,99514504850886389,646413057867676180455,,,,
333,9e283be4-a379-4fb0-a33c-eb55f607f978,+61292649688,mgardiner@notionfive.com.au,,Office Contact,,-,2026-02-18 12:37:55,The Practice,,notionfive.com.au,92834379403355607978,923316258296008664,,,,
334,9e0316b2-e2dd-4014-8863-1e4027176e7e,+61247827485,robert@bmraccounting.com.au,,,,-,2026-02-18 12:37:55,Bmr Accounting And Taxation Services,,bmraccounting.com.au,903162240148863140271767,980299902056645175382,,,,
335,9dd9e725-4ea0-482d-849e-c739ba830db4,+61267721433,info@jcs.net.au,,Office Contact,,-,2026-02-18 12:37:55,Jones Cracknell and Starr,,jcs.net.au,99725404828497398304,0258899156295451528,,,,
336,9db299ca-9909-41f0-bdf8-dbe457612eec,+61356822999,,,Office Contact,,-,2026-02-18 12:37:55,Williams Tracy and Associates,,wtaccountants.com.au,929999094108457612,403752548858408950582361,Williams Tracy &amp; Associates is an accounting firm serving South Gippsland.,,,
337,9d25033d-06d3-4bd2-99de-42055dab5c1a,+61295594841,,,Office Contact,,-,2026-02-18 12:37:55,Passas And Co Accountants,,passasco.com.au,92503306342994205551,1489999658470545389377,,,,
338,9cda5305-a378-45a8-9ddd-56df43eee417,+611800841312,hello@endurego.com.au,,Managing Partner,,-,2026-02-18 12:37:55,Wistax,,wistax.com.au,9530537845895643417,784454453293189255,,,,
339,9cd9d7f9-08d5-44fa-ae4c-fd65ba66735e,+61242953331,reception@smartfinancial.com.au,,Principal / Senior Adviser,,-,2026-02-18 12:37:55,Smart Financial,,smartfinancial.com.au,99790854446566735,02706527647883,,,,
340,9c20647c-5058-4a3a-b7ec-6f8310611bc1,+61294174255,margaret@chater.com.au,,,,-,2026-02-18 12:37:55,Chater R And,,chater.com.au,9206475058437683106111,259548822625232586,,,,
341,9bde06bf-81c4-41cc-bb3e-942210bbd02c,+61755159160,steve.ellis@sjellisaccountants.com.au,,,,-,2026-02-18 12:37:55,Sj Ellis Accounting Services Tweed Heads,,sjellisaccountants.com.au,90681441394221002,98064340505266089057,,,,
342,9bc9880f-19c8-4efb-ab86-178140f66fba,+61292414797,,,Office Contact,,-,2026-02-18 12:37:55,Hajos Anstee And Associates,,hajosanstee.com.au,9988019848617814066,215293559102935255,,,,
343,9b530843-5927-4970-a5ef-7c36d6ee5de1,+61297263922,,,Office Contact,,-,2026-02-18 12:37:55,Tif Accounting Services,,tifaccounting.com.au,9530843592749705736651,1292177953733460446392,,,,
344,9b29f64f-6c68-46f4-82c3-f73395ba5f1b,+61299861547,greg@barringtonata.com.au,,Managing Partner,,-,2026-02-18 12:37:55,Barrington Accounting,,barringtonata.com.au,929646684648237339551,91778521898542505490772439,,,,
345,9af3fe9f-b246-4c2c-85b9-c06c3a92b0fa,+61285414615,ken.hartono@structuredtax.com.au,,Office Contact,,-,2026-02-18 12:37:55,Structured Tax,,structuredtax.com.au,93924642859063920,198187515378653620125,,,,
346,9af24d31-3d29-45fe-b161-bb625410475b,+611300728396,info@fabc.com.au,,Office Contact,,-,2026-02-18 12:37:55,Forbes Accounting and Business Consultants,,fabc.com.au,9243132945161625410475,168613531787901398,,,,
347,9a790f31-ab68-4f48-b3ed-7c8d6e68d234,+61263323888,,,Office Contact,,-,2026-02-18 12:37:55,Talbots Chartered Accountants,,talbots.com.au,97903168448378668234,54858995617363767,,,,
348,9a42ee94-7866-4fc1-99ec-b9c9dafdfe60,+61294055777,info@wong.com.au,,Office Contact,,-,2026-02-18 12:37:55,Burgess Wong And Associates Chartered Accountants,,wong.com.au,94294786641999960,62156514175132372371672,,,,
349,99633ba2-23b8-4888-9e64-040feca49085,+61297289528,,,Office Contact,,-,2026-02-18 12:37:55,Gala Tax and Accounting,,galatax.com.au,996332238488896404049085,060908508156514094071,,,,
350,98d95751-363b-4929-a282-40b3c6485be7,+61251342918,,,Office Contact,,-,2026-02-18 12:37:55,2609 Consulting,,2609consulting.com.au,9895751363492928240364857,56239956955583985611703,,,,
351,981f641b-1cc8-414f-9394-734d49792855,+611300313397,partners@ezyaccounts.com,,,,-,2026-02-18 12:37:55,Ezyaccounts,,ezycentral.com.au,98164118414939473449792855,90426207453361647801,,,,
352,97f86b98-8ee1-40a4-a34a-51a2813a52cd,+61285291900,,,Office Contact,,-,2026-02-18 12:37:54,Noel Business And Accounting Services,,nbas.com.au,978698814043451281352,78401554922432640,,,,
353,96f74221-2790-406c-8fff-7b6c831fbd3b,+61290118060,,,Director,,-,2026-02-18 12:37:54,J L Accountancy and Taxation,,jlaccountancy.com.au,967422127904068768313,68622765155712214754353,,,,
354,96f215e5-cff3-48c5-aa5a-8acfc65ee73e,+61296598174,emailinfo@ljackassociates.com.au,,,,-,2026-02-18 12:37:54,L Jack and Associates,,ljackassociates.com.au,9621553485586573,06770716665146152289192242,,,,
355,9697bcd6-e4cb-47f1-b306-9d84e4da91f1,+61268825940,,,Office Contact,,-,2026-02-18 12:37:54,Walker Accounting Services,,walkercpa.com.au,9697644713069844911,027073503585358194679253,,,,
356,966f7865-661a-48dd-8de8-6da583776093,+61292417701,,,Office Contact,,-,2026-02-18 12:37:54,Holden Bolster,,holdenbolster.com.au,966786566148886583776093,4265378596889238,,,,
357,96452021-77e9-435b-bc03-b136ce6457f3,+61732576085,,,Chartered Accountant,,-,2026-02-18 12:37:54,Teneo Financial Advisory Australia Pty Ltd,,teneo.com,964520217794350313664573,13870075819031603477,,,,
358,95fe0d6e-089e-4936-871d-bd77660da165,+61295539293,clientservices@thomasgroup.com.au,,,,-,2026-02-18 12:37:54,Thomas Group Financial Planning Tax And Accounting,,thomasgroup.com.au,9506089493687177660165,49793985405167075425,,,,
359,95cc1cb4-bf2e-4a3e-a77f-9cd9df30b920,+61294774415,,,Office Contact,,-,2026-02-18 12:37:54,Sme Accounting and Tax Services,,smeaccounting.com.au,9514243779930920,464414501881317503899650,,,,
360,95bfc33e-8f0c-47fc-8840-774cbcb657f4,+61266280466,,,Office Contact,,-,2026-02-18 12:37:54,That Figures! Accountants,,thatfigures.com.au,9533804788407746574,768176050785245455164,,,,
361,95b1fa0e-a8f3-4d45-8b39-18e24ce1c687,+61288244444,reception@burfords.com.au,,Office Contact,,-,2026-02-18 12:37:54,Burford Partners,,burfords.com.au,95108344583918241687,0551462425228060535402639,,,,
362,9580622b-a43e-4ca3-b239-61b01435ac54,+611300676607,info@mycbs.com.au,,Office Contact,,-,2026-02-18 12:37:54,Cambridge Business Services,,cambridgebusinessservices.com.au,95806224343239610143554,2876008509483413909,,,,
363,9514da15-7640-4e9e-8b0c-ff46f43aa8d1,+61293491755,admin@burtonfinancial.com.au,,Office Contact,,-,2026-02-18 12:37:54,Burton Financial Services,,burtonfinancial.com.au,95141576404980464381,0185528041295766,"“We want you to have that nostalgic feeling that comes from looking back at an old photo, and you say to yourself, we did OK.",,,
364,94cbfc70-a365-48b1-b733-5d6d55934e90,+61244768139,hello@figuretree.com.au,,Office Contact,,-,2026-02-18 12:37:54,Figure Tree Accounting Dalmeny,,figuretree.com.au,9470365481733565593490,535753025771943214723,,,,
365,9451e0f6-90e4-435e-be5e-47c2117a42e4,+61292624077,chris.magnus@arktotalwealth.com.au,,Office Contact,,-,2026-02-18 12:37:54,NFS Accounting,,nfsaccounting.com.au,9451069044355472117424,13119645546310896173057,,,,
366,940e2c86-2e47-419d-9a6d-b92f7b36c887,+61292610769,info@cplinternationalgroup.com.au,,Office Contact,,-,2026-02-18 12:37:54,Ping Accounting And Taxation Services,,taxwin.com.au,9402862474199692736887,209043445803981654857923,,,,
367,93cf6a07-d306-44d0-8fd2-679dce6a177d,+61260402050,info@hartaccounting.com.au,,,,-,2026-02-18 12:37:54,Hart Accounting,,hartaccounting.com.au,93607306440826796177,548403551529831834959,,,,
368,9376b750-1948-4e80-85dd-bfd545b35307,+61296611788,info@romc.com.au,,Office Contact,,-,2026-02-18 12:37:54,Roberts and McNamara,,romc.com.au,937675019484808554535307,100231395378031803844,,,,
369,936849fa-e6ac-41ac-b17e-40746f7970da,+611300386301,support@dashtax.com.au,,Office Contact,,-,2026-02-18 12:37:54,Dash Tax,,dashtax.com.au,93684964117407467970,752238535884481538847,,,,
370,92eb9374-cd29-406d-865f-e65c90536952,+61272519469,,,Niccolo Bongini CA,,-,2026-02-18 12:37:54,Nibo Advisory,,nibo.com.au,929374294068656590536952,284521715821899343046,,,,
371,924306f4-011a-4d7a-809c-91c3e324f239,+61295203113,tixtaxgb@tpg.com.au,,Office Contact,,-,2026-02-18 12:37:54,Tixtax,,tixtax.com.au,924306401147809913324239,9235459655890332193549,,,,
372,921f62d8-79a7-48d7-8269-33b1da434370,+61280911241,,,Office Contact,,-,2026-02-18 12:37:54,Huntington Accounting Solutions,,taxha.com.au,9216287974878269331434370,943369129525111502104,,,,
373,921d9eb3-9fda-48f9-bd09-9c6fef8b8605,+61731488887,brisbane@shinwoo.com.au,,,,-,2026-02-18 12:37:54,Shinwoo Accouting Partners Pty,,shinwooaccounting.com.au,921939489099688605,856396205782456064,,,,
374,91fbb33d-168a-49d4-8a47-d170f840ffd2,+61288829188,info@scottco.com.au,,Principal,,-,2026-02-18 12:37:54,Scott and Co Accounting,,scottco.com.au,91331684948471708402,037835454359628857028013330,,,,
375,91ab7036-e9d6-4a38-9c6f-1218a3a85195,+61297466371,,,Office Contact,,-,2026-02-18 12:37:54,Hanlim Accounting,,hanlim.com.au,91703696438961218385195,5393938523530859,,,,
376,919c0b25-a4fb-4d5c-a6c7-1b756c8ce01d,+61268855788,,,Office Contact,,-,2026-02-18 12:37:54,Bridgeway Accountants And Advisers,,bridgewayaccountants.com.au,919025445671756801,24997253781187789,,,,
377,90da7db2-04d0-4cbf-8259-5e9ccd0366fe,+61298942239,therese@centurytax.com.au,,,,-,2026-02-18 12:37:54,Century Taxation Accountant Bella Vista,,centurytax.com.au,907204048259590366,2867573941507419734,,,,
378,90bccd31-8d6b-4037-ab3d-362456a02203,+61249111999,newcastle@bellpartners.com,,,,-,2026-02-18 12:37:54,Bell Partners,,bellpartnersnewcastle.com.au,9031864037336245602203,72610725859717804512,,,,
379,90ad103f-6d5d-4769-8947-bb42a622ef7b,+61296373839,,,Office Contact,,-,2026-02-18 12:37:54,Professional Accounting and Taxation Services,,professionalaccounting.com.au,901036547698947426227,7371816554998902228943,,,,
380,907d02b6-09e5-4b47-97dc-ef2a578d1880,+61295592057,,,Office Contact,,-,2026-02-18 12:37:54,Ipm Solutions,,ipmsolutions.com.au,9070260954479725781880,4275373185959954720349,,,,
381,90696609-4b5e-4441-8ced-9ef10337766c,+61264953262,kca@kencarman.com.au,,Office Contact,,-,2026-02-18 12:37:53,Ken Carman And Associates,,kencarman.com.au,906966094544418910337766,98484522701721692,,,,
382,c44c7011-34ed-4112-af8a-10f2dffefd3a,+61249903050,help@pfpwealth.com.au,,Office Contact,,-,2026-02-18 12:37:53,Pfp Accounting,,pfpaccounting.com.au,44701134411281023,292692656078772000456017,,,,
383,8f5cc4d1-3c44-4f69-be00-70610f6df442,+61246072940,info@startfreshaccounting.com.au,,Office Contact,,-,2026-02-18 12:37:53,Start Fresh Accounting,,startfreshaccounting.com.au,854134446900706106442,9586590758304548451987,,,,
384,8f5034af-54e7-41ef-899d-2d08ceaac90c,+61242571070,accountants@compasstax.net.au,,,,-,2026-02-18 12:37:53,Compass Taxation And Business Services,,compasstax.net.au,850345474189920890,653165059499061129,,,,
385,8f44b429-ee61-487f-b23e-4d8fc59a6b17,+61298991530,,,Office Contact,,-,2026-02-18 12:37:53,William Groves Accountants And Advisors,,grovescpa.com.au,84442961487234859617,9849307575326680652840,,,,
386,8ecc5d13-4842-4cb6-b4e4-9d741a0f55e2,+61288500777,webmaster@affinityaccounting.com.au,,Office Contact,,-,2026-02-18 12:37:53,Affinity Accounting Services,,affinityaccounting.com.au,85134842464497410552,1542158528047692218,,,,
387,8e924e49-6f68-4edd-94ae-839ce7b05139,+61290115565,support@jnpadvisory.com.au,,Office Contact,,-,2026-02-18 12:37:53,Jnp Advisory,,jnpadvisory.com.au,892449668494839705139,93203795897610246001,,,,
388,8e101625-7cbb-402e-af92-2ad7cae81888,+61297249966,info@astaservices.com.au,,Office Contact,,-,2026-02-18 12:37:53,Asta Services Chartered Accountants,,astaservices.com.au,81016257402922781888,753751624538684573,,,,
389,8e018055-b978-4fde-972b-0ebe4a4aac7f,+61296081622,john@hinchinbrook-accounting.com,,Office Contact,,-,2026-02-18 12:37:53,Hinchinbrook Accounting and Taxation Services,,hinchinbrook-accounting.com,801805597849720447,0493530625399874655,,,,
390,8cedf77d-e7e3-4b27-ad6a-663610ac6242,+61266524010,,,Office Contact,,-,2026-02-18 12:37:53,Oztex Advisors Pty,,oztex.biz,8777342766636106242,971354782617807149,,,,
391,8c850fa0-7b49-456a-a8c2-139d87932dec,+61293834612,admin@moneypenny-group.com,,Office Contact,,-,2026-02-18 12:37:53,Entertainment Partners Australia,,moneypenny-group.com,885007494568213987932,9454133557876530762956,,,,
392,8c6df67c-5155-4c1a-9c6e-fc96da8f659d,+61247366066,2747tax@cahillassoc.com.au,,,,-,2026-02-18 12:37:53,C A Hill,,cahillassoc.com.au,866751554196968659,8178439517853771649556,,,,
393,8c1c840d-8ac2-4468-971e-1b54426a0172,+61291458597,matthew@mecagroup.com.au,,,,-,2026-02-18 12:37:53,Meca Group Accounting Services,,mecagroup.com.au,818408244689711544260172,294920459467099960,,,,
394,8c1b59ab-7642-44c0-ac1e-59ef23581d27,+611300737080,hello@accounted.com.au,,Office Contact,,-,2026-02-18 12:37:53,Accounted Com Au,,accounted.com.au,815976424401592358127,31605241470239567,,,,
395,8bd64ab9-07dc-4c43-9861-a604de9a52fc,+61281971188,,,Office Contact,,-,2026-02-18 12:37:53,Andrew Skinner and Associates,,andrewskinner.com.au,8649074439861604952,3484095351585403855,,,,
396,8bd27509-c46f-4b06-876f-2332cc633df5,+61245781300,info@astrolabeacc.com.au,,Owner / Principal,,Dialed,2026-02-18 12:37:53,Astrolabe Accountancy,,astrolabeacc.com.au,8275094640687623326335,548009553288523836154,,,,
397,8bcfa936-b9a8-4e0d-9cba-2eba50cae864,+61266428881,psawyer@masaniaccounting.com.au,,,,Dialed,2026-02-18 12:37:53,Masani Accounting,,masaniaccounting.com.au,893698409250864,08336858546923624408445,,,,
398,8ba051db-2bd7-4159-bd10-fe4b8c5811b1,+61280042741,2741info@accountingdirections.com.au,,,,Dialed,2026-02-18 12:37:53,Accounting Directions,,accountingdirections.com.au,8051274159104858111,9774646935919869803591508,,,,
399,8b9290aa-7c71-4843-9e6e-653afb54f39f,+61266526977,andrew.garner@dfmgroup.com.au,,Office Contact,,Dialed,2026-02-18 12:37:53,Dfm Financial,,dfmgroup.com.au,892907714843966535439,8608825105936546435063,,,,
400,8b671d6b-bfdd-4fdc-8aca-248e6bedce4d,+61296731055,australiaenquiries@harvardassociates.com.au,,,,Dialed,2026-02-18 12:37:53,Harvard Associates Chartered Accountants,,harvardassociates.com.au,867164824864,310979585048418627764,,,,
401,8b5dfc06-0c71-4830-b126-790b349fd38c,+61243694244,admin@jpsaccountants.com.au,,Office Contact,,Dialed,2026-02-18 12:37:53,John P Smith,,jpsaccountants.com.au,8506071483012679034938,2205506365348444548828,Discover professional accounting services in Kincumber and beyond with John P Smith &amp; Co. Click here to explore our expertise.,,,
402,8af70e2d-b4fa-4cad-893b-8b1a4d3c3587,+61296695866,jobs@congdonfuzi.com.au,,Office Contact,,Dialed,2026-02-18 12:37:53,Congdon Fuzi,,congdonfuzi.com.au,87024489381433587,11549483752717847,,,,
403,8aef2bc3-e000-4cf9-b287-d87474d4dbf2,+61287573720,info@idealtax.com.au,,Office Contact,,Dialed,2026-02-18 12:37:53,Ideal Business,,idealtax.com.au,823000492878747442,06058935568796182716,,,,
404,8a734389-73dc-48ed-9738-1a7627313c11,+61260411687,clayton@edgea.com.au,,Office Contact,,Dialed,2026-02-18 12:37:53,Business Edge Accountants,,edgea.com.au,8734389734897381762731311,534613005019875110437,,,,
405,8a4dca21-5aaf-48a3-82d9-2aa2671906b6,+61292660881,,,Office Contact,,Dialed,2026-02-18 12:37:53,Ww Vick And,,wwvick.com,84215483829226719066,38832627515567637860,,,,
406,8a29acad-2de2-4d0e-ab15-e0e48527b654,+61265548311,8311info@bnm.com.au,,,,Dialed,2026-02-18 12:37:53,Beaver Novello Moss,,bnm.com.au,829224015048527654,230873345558518996264,,,,
407,89e5f890-4145-4c5a-a192-97a390dd95c5,+61242943320,admin@sstax.com.au,,Office Contact,,Dialed,2026-02-18 12:37:52,Shire Tax Accountants,,sstax.com.au,89589041454519297390955,2339956250220671370666,,,,
408,89874384-18e6-4355-8b9b-598954f49947,+61732994912,,,Office Contact,,Dialed,2026-02-18 12:37:52,Melissa Purnell Accountants,,mpurnell.com.au,8987438418643558959895449947,413538533892144794783,,,,
409,89802471-77ab-47ea-a2c9-5d8ba9320ad7,+61247218905,houseofsocial.web@gmail.com,,Office Contact,,Dialed,2026-02-18 12:37:52,Larene Egan and Associates,,lareneeganandassociates.com.au,898024717747295893207,648653598269497533831,,,,
410,8931d3a8-a47d-4921-9d0c-c3cc539b0d6f,+61242964299,,,Office Contact,,Dialed,2026-02-18 12:37:52,Bj Love And Co Financial Services,,bjlove.com.au,89313847492190353906,815186550498437082598,,,,
411,88d8d0df-157d-4281-9151-cab00e4cc7b4,+61296327106,info@eelias.com.au,,Office Contact,,Dialed,2026-02-18 12:37:52,E Elias And Associates,,eelias.com.au,88801574281915100474,8836105454790441070703558,,,,
412,889a1ee7-4cac-47a9-b035-00a0780e6a59,+61266213951,sackweir@bigpond.com,,Office Contact,,Dialed,2026-02-18 12:37:52,Lismore Accountant Sackett And Weir,,lismoreaccountant.com.au,889174479035000780659,38380286554342072638,,,,
413,88581959-80fe-490b-8d21-091c1725dc87,+611300925547,enquiries@wallisca.com.au,,Office Contact,,Dialed,2026-02-18 12:37:52,Wallis Chartered Accountants,,wallisca.com.au,8858195980490821091172587,99012825409281917718,,,,
414,881ff7fa-5378-4ad9-a755-926252884108,+61295991111,sales@galaxyau.net.au,,Office Contact,,Dialed,2026-02-18 12:37:52,Bp Taxation Services,,bptaxation.com.au,8817537849755926252884108,84388097568630808762,,,,
415,880c643d-7ae3-49e7-b453-12448396e0bf,+61292412111,info@vidalobrien.com.au,,Office Contact,,Dialed,2026-02-18 12:37:52,Vidal Obrien And,,vidalobrien.com.au,88064373497453124483960,5469584835526945837921,,,,
416,8794313c-4dd5-40ab-88af-6e8cad2d4b15,+611300923219,shan@amazeaccounting.com.au,,,,Dialed,2026-02-18 12:37:52,Amaze Accounting,,amazeaccounting.com.au,8794313454088682415,7085751186271509,,,,
417,868e6a92-a1d8-4462-a7c3-4bb7939d0f18,+61265622295,,,Office Contact,,Dialed,2026-02-18 12:37:52,Loomis Financial Planning,,loomisfinancial.com.au,8686921844627347939018,192259455592542633280,,,,
418,85b92e11-7079-4b0f-bb5d-4291075dcc86,+61267685555,,,Office Contact,,Dialed,2026-02-18 12:37:52,Malvern Mathews Smith Chartered Accountants,,malvernmathewssmith.com.au,8592117079405429107586,6234779121564339769352,,,,
419,851f8f9c-1562-4228-8f31-b381f6e54b7b,+61296807732,info@dsma.com.au,,Office Contact,,Dialed,2026-02-18 12:37:52,Dsm Accounting,,dsma.com.au,85189156242288313816547,25277951675787317,,,,
420,84edbe0d-2f3b-4b89-8319-b9ece9a1ed4d,+611300886066,,,Office Contact,,Dialed,2026-02-18 12:37:52,Andrew Jeffers The Ai Accountant,,andrewjeffers.com.au,8402348983199914,164973569837947605438,,,,
421,84ccca5f-42e8-4b50-8d84-e9446ae77074,+61295887188,gloria@konnaris.com.au,,,,Dialed,2026-02-18 12:37:52,Konnaris Cpa Business Consultants,,konnaris.com.au,845428450884944677074,97738193754956516509272,,,,
422,84b659c9-76d1-4220-8fd3-362566519b63,+61295991888,info@navigateadvisory.com.au,,Partner / Senior Advisor (inferred from context as head of the Navigate team),,Dialed,2026-02-18 12:37:52,Navigate Advisory,,navigateadvisory.com.au,84659976142208336256651963,4351953562084762,,,,
423,84976e88-37d0-4971-add1-1eb6bc77f382,+61732262966,info@connectusaccountants.com.au,,Office Contact,,Dialed,2026-02-18 12:37:52,Connectus Accountants,,connectusaccountants.com.au,8497688370497111677382,602149759973718887375,,,,
424,84838545-4af3-492a-a63d-15fdac4b0878,+61243991551,info@taafa.com.au,,Office Contact,,Dialed,2026-02-18 12:37:52,Tenth Avenue Accountants And Financial Advisors,,taafa.com.au,8483854543492631540878,3914601579285067727,,,,
425,83e5d785-faee-48d7-b2c9-ee1784e18621,+61738225566,admin@robinsaccountants.com.au,,Leanne Robins,,Dialed,2026-02-18 12:37:52,Robins Accountants,,robinsaccountants.com.au,83578548729178418621,93777160752371443210,,,,
426,83d08cc9-fcc3-41f2-a273-55f6547b62b2,+61242611911,contact@lgaccounting.com.au,,Principal / Owner (assumed from firm name),,Dialed,2026-02-18 12:37:52,Lorraine Gill,,lgaccounting.com.au,830893412273556547622,4441354358332207813,,,,
427,83caaf8c-58c7-4462-8d7f-a388805ae828,+61243881130,tony@tonysmith.com.au,,Office Contact,,Dialed,2026-02-18 12:37:52,Tony Smith And Associates Central Coast,,tonysmith.com.au,838587446287388805828,0911839950552945652238,,,,
428,839196dc-ae78-4a39-83fb-690b8fd1dfaf,+61297928105,,,Office Contact,,Dialed,2026-02-18 12:37:52,Glenn Easterbrook,,landgaccounting.com.au,839196784398369081,114000825343805550485,,,,
429,833f8506-fef5-4abe-91a2-92f038cf62f3,+61294151511,sadi@primeadvisory.com.au,,Office Contact,,Dialed,2026-02-18 12:37:52,Primeadvisory Chatswood Accountants,,primeadvisory.com.au,83385065491292038623,17842378561986945143761,,,,
430,82fbf292-1e6a-46b8-9b0f-8b3272cbc2c2,+61268825922,info@mgh.com.au,,Office Contact,,Dialed,2026-02-18 12:37:52,Mgh Advisory,,mgh.com.au,8229216468908327222,09378152798850180,,,,
431,82d94647-81a8-485b-be35-cc4103e69e46,+61296339235,hollis.ho@totalfinance.com.au,,,,Dialed,2026-02-18 12:37:52,Total Finance Accounting Pty,,totalfinance.com.au,82946478184853541036946,8692757085112443432,,,,
432,827c3c8c-ead7-4d16-aa69-1091f2e1f993,+61295241464,info@crosstax.com.au,,Office Contact,,Dialed,2026-02-18 12:37:52,Crosstax And Accounting Service,,crosstax.com.au,82738741669109121993,988692510994995487055,,,,
433,8140a448-fd72-4072-865b-ff247bcfa83d,+61243678955,info@ssca.com.au,,Office Contact,,Dialed,2026-02-18 12:37:52,Smith Swaine,,smithswaine.au,814044872407286524783,5970506153836921609395,,,,
434,81192456-deb6-45bf-9eee-c032f49f5d82,+61269623211,emailadmin@howsepilloni.com.au,,,,Dialed,2026-02-18 12:37:51,Howse Pilloni,,howsepilloni.com.au,81192456645903249582,8047585282591166826,"For exceptional accounting, tax and financial planning services in Griffith, book your consultation with Howse Pilloni &amp; Co today.",,,
435,7ffe2f62-1286-429e-811e-05d6ecc3956f,+61260255491,enquiries@tdaccounting.com.au,,Office Contact,,Dialed,2026-02-18 12:37:51,TD Accounting,,tdaccounting.com.au,726212864298110563956,00390005270840182063586,,,,
436,7fef2745-1e9a-4ed0-93e1-a4acfed5a43a,+61298225998,,,Office Contact,,Dialed,2026-02-18 12:37:51,Maricic Accounting,,maricicco.com.au,7274519409314543,736927858552407066,,,,
437,7fa5e46f-d04b-4e49-b47c-e0369893841f,+61383132838,info@indusaccountants.com.au,,Office Contact,,Dialed,2026-02-18 12:37:51,Indus Accountants Pty,,indusaccountants.com.au,754604449470369893841,9920498759690,,,,
438,7f54f925-d9a4-4c9c-9fa9-27807206955d,+61293572286,admin@andersonsmith.com.au,,Office Contact,,Dialed,2026-02-18 12:37:51,G B Hugo And,,andersonsmith.com.au,75492594499927807206955,934169058588924801,,,,
439,7ea2fee0-3a86-4a0e-8c73-c7b9d933ec29,+61295022888,,,Office Contact,,Dialed,2026-02-18 12:37:51,G Fraser and Company,,gfraser.com.au,720386408737993329,62439058948089771,,,,
440,7ea2e613-128d-4037-a9f8-35785b75a024,+61296627733,contact@theodoreward.com.au,,Office Contact,,Dialed,2026-02-18 12:37:51,Theodore Ward And,,theodoreward.com.au,726131284037983578575024,6068114355358484563808,,,,
441,7e3a9d6a-edf3-4a02-a28d-3ee4c1562d40,+61263821884,manager@cultiv8accounting.com.au,,Office Contact,,Dialed,2026-02-18 12:37:51,Cultiv8 Accounting,,cultiv8accounting.com.au,739634022834156240,780655522799281071220,,,,
442,7d920c07-5132-4f36-bb66-d0e93a8228ce,+61267716100,,,Office Contact,,Dialed,2026-02-18 12:37:51,Practical Systems Software,,practicalsystems.com.au,7920075132436660938228,729311625966993758446068,,,,
443,7d8f8ebe-a8f5-472a-b663-d07433e46a6c,+61755363755,mail@oculusgroup.com.au,,Office Contact,,Dialed,2026-02-18 12:37:51,Oculus Financial Services,,oculusgroup.com.au,7888547266307433466,1404550936759075769,,,,
444,7d78475d-0826-49d4-9d1f-3a60bc07c64d,+61295435217,info@cghca.com.au,,Office Contact,,Dialed,2026-02-18 12:37:51,Cgh And Associates Cheryl Hastie,,cghca.com.au,7784750826494913600764,501938470560825560908399,,,,
445,7d60d3c1-8760-4cd3-95ae-0b9562e5bfb8,+61299098128,,,Office Contact,,Dialed,2026-02-18 12:37:51,Tarilton Borgert,,tariltonborgert.com.au,76031876043950956258,775484465428585715,,,,
446,7d5418c4-57d2-48e4-bfe7-32bc9e635a7a,+611300001186,186admin@freedomtax.com.au,,,,Dialed,2026-02-18 12:37:51,Freedom Taxation,,freedomtax.com.au,75418457248473296357,03678125670571609940,,,,
447,7d4ec896-19c7-43e7-a849-55e65f9afa58,+61244555333,info@yoursupersolutions.com.au,,Office Contact,,Dialed,2026-02-18 12:37:51,Your Super Solutions,,yoursupersolutions.com.au,748961974378495565958,570539757437551822,,,,
448,7d1e9eff-cfe9-4b33-a6bf-ff98d853eb05,+61247311055,,,Office Contact,,Dialed,2026-02-18 12:37:51,Tamara Koziol And Associates Pty Limited,,tamarakoziol.com.au,719943369885305,95326333548895167909694,,,,
449,7d0eb3a5-44bd-4fb9-8482-c66cd30b019d,+61287406952,,,Office Contact,,Dialed,2026-02-18 12:37:51,Circular Business Solutions Pty,,circularbusinesssolutions.com.au,7035444984826630019,13266108053581879072174,,,,
450,7cedab2c-ac5d-4aa5-9756-d49be14997a1,+61288103708,samir.mansuri@taxstore.com.au,,Office Contact,,Dialed,2026-02-18 12:37:51,Tax Store Parramatta,,taxstoreparramatta.com.au,72545975649149971,6271940352398558,,,,
451,7c4f3f87-7f6a-48ee-acfc-0e28ccefd246,+61285935970,enquiries@trigonsbusinessadvisory.com.au,,Office Contact,,Dialed,2026-02-18 12:37:51,Trigons Business Advisory,,trigonsbusinessadvisory.com.au,743877648028246,88745266585137,,,,
